transaction_time,location_name,item_type,item_identifier,quantity,net_price
2025-01-15 13:30:46,Rella Aesthetics,service,Glutathione,1,50.0
2024-07-30 00:51:06,Rella Aesthetics - Napa,service,BodySculp Special,1,100.0
2024-08-18 10:14:58,Rella Aesthetics,product,GLYCOLIC-10-RENEW-OV,1,86.55
2024-06-17 15:15:31,Rella Aesthetics,service,Initial Skin Health Consult,1,0.0
2024-10-28 10:15:57,Rella Aesthetics - Napa,service,MiraDry,1,2000.0
2025-02-05 22:51:09,Rella Aesthetics - Napa,service,Hydrafacial Special,1,150.0
2024-05-23 12:03:06,Rella Aesthetics,product,HYDRATING-B5-GEL,3,270.0
2025-03-08 20:04:50,Rella Aesthetics - Napa,service,1st Weight Loss Appt (AFTER CONSULT),1,0.0
2024-07-30 17:59:03,Rella Aesthetics - Napa,service,Glutathione,1,46.26
2024-07-07 05:28:43,Rella Aesthetics,service,Laser Hair Removal - Medium Area,1,1350.0
2024-06-19 07:29:28,Rella Aesthetics - Napa,service,BodySculp Special,1,100.0
2025-02-11 23:46:19,Rella Aesthetics - Napa,service,C02 Neck Add On,1,500.0
2024-05-31 11:54:26,Rella Aesthetics,product,VAGINAL-REJUVENATION,3,6959.66
2024-09-12 10:28:50,Rella Aesthetics - Napa,product,C-E-FERULIC,2,364.0
2024-08-24 13:23:20,Rella Aesthetics,service,Pronox,1,50.0
2024-12-07 01:00:50,Rella Aesthetics,service,Pronox,1,46.39
2025-04-27 11:42:54,Rella Aesthetics - Napa,service,20% Vitamin C Brightening Serum,1,132.0
2024-06-01 16:07:10,Rella Aesthetics - Napa,product,TOX-AND-FILLER-MEMBE,3,120.0
2024-05-02 17:18:37,Rella Aesthetics,service,Botox & Filler,1,50.0
2024-05-09 16:56:30,Rella Aesthetics - Napa,service,Filler,1,50.0
2024-12-18 06:54:51,Rella Aesthetics,service,Plumping Hyaluronic lip,1,0.0
2024-05-12 12:19:57,Rella Aesthetics,service,C02 Add Ons,1,0.0
2024-05-01 09:06:54,Rella Aesthetics,product,JUVEDERM-ULTRA-XC,1,657.84
2024-12-27 00:40:59,Rella Aesthetics - Napa,service,PRP Hair Restoration Package (3 Treatments),1,1800.0
2025-01-26 16:01:43,Rella Aesthetics - Napa,service,Skin Stylus Microneedling Package (3 Treatments),1,1077.66
2024-09-21 22:34:52,Rella Aesthetics - Napa,service,New Patient Consult,1,0.0
2024-11-02 06:07:48,Rella Aesthetics - Napa,service,Private Event Injectables,1,0.0
2024-10-08 03:08:48,Rella Aesthetics - Napa,service,Vaginal Rejuvenation,1,1000.0
2025-04-27 20:03:42,Rella Aesthetics,service,C02 Skin Resurfacing Special $997,1,857.1
2024-11-01 10:33:57,Rella Aesthetics,service,RF Microneedling Neck Add-On,1,150.0
2024-12-31 13:05:28,Rella Aesthetics - Napa,service,Laser Hair Removal - Large Area,1,2050.0
2025-01-21 17:41:27,Rella Aesthetics - Napa,product,SIMPLY-CLEAN,1,33.87
2024-07-10 12:01:47,Rella Aesthetics - Napa,service,Shaving Fee,1,75.0
2024-11-14 02:42:00,Rella Aesthetics - Napa,product,HYDRFACIAL-LIP-PERK,3,120.0
2024-05-07 22:45:18,Rella Aesthetics,product,LASER-HAIR-REMOVAL--,1,2700.0
2024-06-17 00:25:17,Rella Aesthetics,service,Semaglutide X6 Months,1,0.0
2024-07-07 03:58:19,Rella Aesthetics - Napa,service,IPL Full Face - Package (3 Treatments),1,900.0
2024-05-22 04:05:34,Rella Aesthetics - Napa,service,Phyto Dual Action Formula,1,0.0
2024-08-23 18:00:02,Rella Aesthetics,product,JUVEDERM-ULTRA-PLUS-,1,700.0
2025-04-09 17:49:31,Rella Aesthetics - Napa,service,Skin Resurfacing Full Face - Erbium Package (3 Treatments),1,1917.08
2024-09-23 22:58:02,Rella Aesthetics,service,IPL Face + Neck Package (3 Treatments),1,1100.0
2024-10-03 01:32:48,Rella Aesthetics,service,Green Tea Antioxidant Soothing Cleanser,1,0.0
2024-11-20 10:15:33,Rella Aesthetics,service,Initial Skin Health Consult,1,0.0
2024-10-17 14:10:41,Rella Aesthetics - Napa,service,Erbium Special,1,385.27
2024-07-20 12:29:59,Rella Aesthetics - Napa,service,BodyTone Special,1,89.12
2024-10-01 14:20:53,Rella Aesthetics,service,New Patient Consult,1,0.0
2025-03-10 03:55:58,Rella Aesthetics - Napa,service,Semaglutide 3 Month,1,0.0
2024-08-01 15:23:00,Rella Aesthetics,product,BODY-TONE-X6-PACKAGE,2,2579.63
2025-02-25 05:25:51,Rella Aesthetics,service,Semaglutide - monthly pickup,1,460.44
2024-06-18 00:12:50,Rella Aesthetics - Napa,service,Erbium Special,1,450.0
2024-08-23 20:17:50,Rella Aesthetics - Napa,service,Vaginal Rejuvenation,1,943.1
2025-03-07 19:03:20,Rella Aesthetics,service,Initial Skin Health Consult,1,0.0
2024-07-03 20:52:23,Rella Aesthetics,product,TOX-MEMBERSHIP,1,20.0
2024-11-19 03:18:39,Rella Aesthetics - Napa,product,SOOTHING-RECOVERY-OI,2,60.0
2024-12-31 05:27:10,Rella Aesthetics,service,RF Microneedling Face + Neck + Decollete Package (3 Treatments),1,2460.16
2025-03-18 17:14:46,Rella Aesthetics - Napa,service,PRP Hair Restoration Package (3 Treatments),1,1800.0
2025-01-23 15:52:08,Rella Aesthetics - Napa,service,Shaving Fee,1,75.0
2024-08-09 23:52:31,Rella Aesthetics - Napa,service,Green Tea Antioxidant Soothing Cleanser,1,0.0
2024-06-12 08:24:27,Rella Aesthetics,product,PRP-ADD-ON,3,1500.0
2024-09-15 21:28:25,Rella Aesthetics - Napa,service,IPL Face + Neck Package (3 Treatments),1,1100.0
2024-08-13 09:20:41,Rella Aesthetics - Napa,service,IPL Face + Neck + Decollete Package (3 Treatments),1,1300.0
2025-01-15 08:42:15,Rella Aesthetics - Napa,service,Body Tone- Muscle Toning 1x treatment,1,0.0
2024-12-15 05:20:20,Rella Aesthetics - Napa,service,RF Microneedling Neck Add-On,1,150.0
2025-04-07 17:38:53,Rella Aesthetics,service,Botox & Filler,1,44.64
2024-06-10 09:15:22,Rella Aesthetics,product,CO2-+-2-HYDRAFACIALS,1,1044.48
2024-09-04 12:25:02,Rella Aesthetics - Napa,service,AHA / BHA Exfoliating Polish,1,0.0
2025-01-23 11:23:49,Rella Aesthetics,service,Universal Peel,1,0.0
2024-07-01 10:41:41,Rella Aesthetics - Napa,service,Botox & Filler,1,50.0
2025-03-18 20:25:06,Rella Aesthetics,service,Woodland - weight loss follow up,1,0.0
2024-10-24 23:25:00,Rella Aesthetics,service,Semaglutide - monthly pickup,1,525.0
2025-01-25 23:39:51,Rella Aesthetics - Napa,service,Body Tone- Muscle Toning 1x treatment,1,0.0
2024-07-29 07:54:47,Rella Aesthetics,product,LASER-HAIR-REMOVAL-8,3,11231.88
2024-07-28 00:57:34,Rella Aesthetics - Napa,service,MiraDry Special $997 1st service,1,0.0
2024-09-09 03:11:03,Rella Aesthetics,service,Acne Facial Special,1,100.0
2024-12-10 02:09:03,Rella Aesthetics,service,C02 Décolleté Add On,1,500.0
2025-02-16 10:11:51,Rella Aesthetics - Napa,service,Semaglutide - monthly pickup,1,525.0
2024-05-20 23:34:40,Rella Aesthetics,product,BLEMISH-CORRECTIVE-T,2,90.05
2024-07-03 16:20:10,Rella Aesthetics - Napa,product,TOX-MEMBERSHIP,1,20.0
2024-05-29 04:32:42,Rella Aesthetics - Napa,service,IPL Full Face - Package (3 Treatments),1,900.0
2024-11-03 10:35:22,Rella Aesthetics,product,PEPTIDE-NECK-CREAM,3,318.0
2025-03-20 16:34:53,Rella Aesthetics,service,IV Special,1,150.0
2024-06-28 02:18:54,Rella Aesthetics - Napa,service,C02 Special,1,500.0
2024-08-22 13:07:47,Rella Aesthetics,product,LASER-HAIR-REMOVA-11,3,6480.0
2024-08-13 19:07:08,Rella Aesthetics - Napa,service,Initial Skin Health Consult,1,0.0
2024-06-05 15:20:52,Rella Aesthetics,service,Napa - Semaglutide Weight Loss Phone Consult,1,0.0
2025-03-19 22:47:10,Rella Aesthetics - Napa,service,IPL special,1,200.0
2024-07-19 06:18:26,Rella Aesthetics,product,SKIN-RESURFACING-ERB,3,7275.0
2024-11-27 07:54:27,Rella Aesthetics,service,IPL special,1,200.0
2024-08-27 05:15:32,Rella Aesthetics - Napa,service,Hydrafacial Special,1,150.0
2024-05-28 09:37:01,Rella Aesthetics - Napa,service,Skin Resurfacing Erbium Face + Neck Package (3 Treatments),1,2225.0
2024-09-12 06:59:00,Rella Aesthetics - Napa,service,Skin Resurfacing Erbium Face + Neck + Decollete Package (3 Treatments),1,2425.0
2025-01-27 08:12:32,Rella Aesthetics,service,$249 4x Body Sculpt Bundle offer,1,225.55
2025-04-01 05:01:34,Rella Aesthetics,service,Kybella,1,50.0
2024-10-27 14:46:13,Rella Aesthetics - Napa,service,Semaglutide - monthly pickup,1,525.0
2024-11-20 05:46:52,Rella Aesthetics,service,Green Tea Antioxidant Soothing Cleanser,1,0.0
2025-01-02 22:03:58,Rella Aesthetics - Napa,product,HYDRFACIAL-LIP-PERK,3,120.0
2025-02-10 01:13:36,Rella Aesthetics - Napa,product,HYDRAFACIAL-PERK-EYE,1,34.71
2024-05-28 06:10:01,Rella Aesthetics,service,Retinol + Niacinamide Nourishing PM Eye Cream,1,0.0
2025-01-11 05:33:00,Rella Aesthetics - Napa,service,Laser Hair Removal - Large Area,1,1900.78
2025-03-04 09:13:39,Rella Aesthetics - Napa,service,PRP Injection,1,700.0
2025-02-27 18:41:16,Rella Aesthetics - Napa,service,Skin Resurfacing Erbium Face + Neck Package (3 Treatments),1,2225.0
2025-03-26 19:48:51,Rella Aesthetics,service,C02 Neck Add On,1,500.0
2025-04-28 05:41:05,Rella Aesthetics,service,Semaglutide 3 Month,1,0.0
2024-06-29 06:55:08,Rella Aesthetics - Napa,service,PRP Hair Restoration Package (3 Treatments),1,1800.0
2025-03-17 04:34:20,Rella Aesthetics - Napa,service,IPL Face + Neck + Decollete Package (3 Treatments),1,1300.0
2024-08-18 05:42:37,Rella Aesthetics - Napa,product,BLEMISH-CORRECTIVE-T,1,50.0
2024-06-02 04:05:37,Rella Aesthetics,product,JUVEDERM-VOLUX-XC,2,1600.0
2024-05-13 16:05:17,Rella Aesthetics - Napa,product,HYDROQUINONE-POWDER,2,37.54
2025-04-19 19:00:19,Rella Aesthetics - Napa,service,Spot Treatment with Lasers,1,200.0
2025-04-17 17:38:07,Rella Aesthetics - Napa,service,Private Event,1,0.0
2024-11-12 06:32:35,Rella Aesthetics,service,Napa - Semaglutide Weight Loss Phone Consult,1,0.0
2024-06-30 16:27:22,Rella Aesthetics - Napa,service,Tox 12 Month Membership PIF,1,0.0
2025-04-05 07:53:53,Rella Aesthetics - Napa,product,BLEMISH-CORRECTIVE-T,3,150.0
2024-10-01 05:18:37,Rella Aesthetics - Napa,service,Spot Treatment with Lasers,1,200.0
2024-07-02 12:43:41,Rella Aesthetics,service,IPL Face + Neck Package (3 Treatments),1,1100.0
2024-09-03 12:39:19,Rella Aesthetics,product,HYDRAFACIAL-PERK-EYE,3,120.0
2024-08-13 13:27:17,Rella Aesthetics,product,LASER-HAIR-REMOVA-13,3,8475.01
2024-10-05 10:04:37,Rella Aesthetics,service,Semaglutide 1 Month,1,0.0
2025-03-10 01:55:37,Rella Aesthetics,product,HYDRATING-B5-GEL,1,90.0
2024-11-13 19:47:25,Rella Aesthetics - Napa,product,LET'S-HYDRATE-MEMBER,3,90.0
2025-04-07 02:57:58,Rella Aesthetics,product,RF-MICRONEEDLING-FAC,1,2625.0
2024-12-23 12:04:25,Rella Aesthetics - Napa,service,IPL Face + Neck Package (3 Treatments),1,1100.0
2024-09-16 04:59:23,Rella Aesthetics,service,Additional Syringe,1,700.0
2025-01-22 19:10:18,Rella Aesthetics,service,Lipid Replenishing Soft Cream,1,0.0
2024-07-21 19:10:45,Rella Aesthetics,service,Spot Treatment with Lasers,1,200.0
2024-05-02 07:22:42,Rella Aesthetics - Napa,service,Laser Hair Removal - Small Area,1,600.0
2024-07-25 21:32:05,Rella Aesthetics,product,LASER-HAIR-REMOVA-14,3,8100.0
2024-05-14 19:41:48,Rella Aesthetics - Napa,service,Vaginal Rejuvenation,1,1000.0
2024-11-28 11:33:14,Rella Aesthetics - Napa,service,C02 Add Ons,1,0.0
2025-04-11 06:12:13,Rella Aesthetics - Napa,service,Spider Vein Removal,1,350.0
2024-05-08 23:40:39,Rella Aesthetics,service,C02 Décolleté Add On,1,462.75
2025-02-17 06:16:15,Rella Aesthetics - Napa,product,PRP-ADD-ON,3,1500.0
2024-12-08 09:53:45,Rella Aesthetics,service,RF Microneedling Decollete Add-On,1,150.0
2024-07-07 19:15:30,Rella Aesthetics,product,LASER-HAIR-REMOVAL--,2,5400.0
2024-10-16 04:02:43,Rella Aesthetics,service,Retinol + Niacinamide Nourishing PM Eye Cream,1,0.0
2024-08-14 22:15:02,Rella Aesthetics,service,Napa - Semaglutide Weight Loss Phone Consult,1,0.0
2024-05-16 09:24:27,Rella Aesthetics,service,C02 For You Bundle,1,1197.0
2024-06-25 15:01:47,Rella Aesthetics - Napa,product,RESTYLANE-REFYNE,2,1400.0
2025-01-20 12:45:38,Rella Aesthetics,service,IPL Full Face - Package (3 Treatments),1,900.0
2025-01-26 08:57:00,Rella Aesthetics - Napa,service,Retinol + Niacinamide Nourishing PM Eye Cream,1,0.0
2025-03-20 00:07:27,Rella Aesthetics,product,PRP-UNDEREYE-3X-TREA,2,3000.0
2025-04-16 03:37:07,Rella Aesthetics - Napa,product,RF-MICRONEEDLING-T-1,2,0.0
2024-11-19 08:42:46,Rella Aesthetics,service,MiraDry Special $997 1st service,1,0.0
2025-03-30 04:32:06,Rella Aesthetics,service,New Patient Consult,1,0.0
2024-12-20 11:52:05,Rella Aesthetics,product,LASER-HAIR-REMOVAL--,3,7626.48
2024-08-06 14:36:35,Rella Aesthetics,service,Plumping Hyaluronic lip,1,0.0
2025-04-15 10:54:36,Rella Aesthetics,service,Skin Resurfacing Erbium Face + Neck + Decollete Package (3 Treatments),1,2425.0
2024-12-24 16:33:00,Rella Aesthetics - Napa,service,Semaglutide x 1 injection,1,0.0
2024-08-22 04:34:11,Rella Aesthetics - Napa,service,C02 Hands Add on,1,300.0
2024-09-19 06:29:05,Rella Aesthetics,service,Semaglutide x 1 injection,1,0.0
2024-12-20 01:49:02,Rella Aesthetics - Napa,service,C02 Add Ons,1,0.0
2024-10-09 17:08:24,Rella Aesthetics,service,Spider Vein Removal,1,350.0
2024-12-11 15:46:15,Rella Aesthetics,service,Skin Stylus Neck Add on,1,65.0
2025-03-29 20:14:32,Rella Aesthetics,service,Tirzepatide - weekly injection,1,156.25
2024-06-14 21:44:00,Rella Aesthetics,product,BODY-TONE-X6-PACKAGE,1,1500.0
2024-07-19 19:05:09,Rella Aesthetics - Napa,service,MiraDry Special $750 2nd Service,1,0.0
2024-05-05 13:43:20,Rella Aesthetics - Napa,service,Semaglutide 1 Month,1,0.0
2025-04-12 13:49:16,Rella Aesthetics,service,C02 Skin Resurfacing,1,2000.0
2024-08-16 18:34:07,Rella Aesthetics - Napa,service,Laser Hair Removal - Large Area,1,2050.0
2025-02-11 22:43:20,Rella Aesthetics,product,LASER-HAIR-REMOVAL-4,3,9720.0
2024-08-17 18:28:00,Rella Aesthetics,service,C02 Skin Resurfacing Special $997,1,997.0
2024-08-29 18:23:50,Rella Aesthetics - Napa,service,Body Tone- Muscle Toning 1x treatment,1,0.0
2024-12-09 08:12:16,Rella Aesthetics - Napa,product,HA-INTENSIFIER-MULTI,3,360.0
2024-05-11 00:06:50,Rella Aesthetics - Napa,service,Hylenex,1,200.0
2025-04-17 20:15:45,Rella Aesthetics - Napa,product,LASER-HAIR-REMOVAL-5,2,6480.0
2024-09-21 12:39:18,Rella Aesthetics - Napa,service,Shaving Fee,1,67.18
2024-12-09 16:35:24,Rella Aesthetics - Napa,product,TRIPLE-LIPID-RESTORE,3,450.0
2024-11-23 02:40:55,Rella Aesthetics - Napa,product,LASER-HAIR-REMOVA-12,1,2160.0
2025-04-06 11:10:30,Rella Aesthetics,service,Body Tone- Muscle Toning 1x treatment,1,0.0
2025-02-22 18:24:00,Rella Aesthetics,service,MiraDry Special $750 2nd Service,1,0.0
2024-09-05 02:00:34,Rella Aesthetics - Napa,service,Tox 12 Month Membership PIF,1,0.0
2024-12-23 01:46:46,Rella Aesthetics,service,Body Tone- Muscle Toning 1x treatment,1,0.0
2025-02-22 14:16:16,Rella Aesthetics - Napa,product,LASER-HAIR-REMOVAL-4,2,6480.0
2025-03-16 05:19:16,Rella Aesthetics,product,FILLER-MEMBERSHIP,3,90.0
2024-11-19 10:39:39,Rella Aesthetics - Napa,service,1st Weight Loss Appt (AFTER CONSULT),1,0.0
2024-05-21 11:23:59,Rella Aesthetics - Napa,service,Plumping Hyaluronic lip,1,0.0
2024-11-25 09:49:42,Rella Aesthetics - Napa,service,PRP Hair Restoration,1,700.0
2025-04-05 11:51:11,Rella Aesthetics,product,C02-MASK,2,200.0
2024-08-07 23:57:01,Rella Aesthetics - Napa,product,TINTED-DEFENSE,3,105.99
2025-04-04 19:38:33,Rella Aesthetics,product,PLUMP-IT!-SPF-30,1,45.0
2024-08-31 01:19:08,Rella Aesthetics,product,BLEMISH-+-AGE-DEFENS,3,318.0
2024-09-23 23:03:43,Rella Aesthetics,service,Semaglutide X6 Months,1,0.0
2024-06-30 15:29:42,Rella Aesthetics - Napa,service,Tirzepatide - weekly injection,1,156.25
2024-08-24 03:13:12,Rella Aesthetics - Napa,product,SOOTHING-RECOVERY-OI,3,80.45
2024-10-03 01:35:28,Rella Aesthetics - Napa,product,AQUAGLOW-HYALURONIC-,3,294.0
2024-09-02 15:16:34,Rella Aesthetics,service,Mineral Mattifing Tinted Sunscreen,1,0.0
2025-02-06 13:14:13,Rella Aesthetics,service,Retinol + Niacinamide Nourishing PM Eye Cream,1,0.0
2025-01-27 03:44:13,Rella Aesthetics,service,Semaglutide - monthly pickup,1,455.67
2025-01-19 22:22:34,Rella Aesthetics - Napa,product,PHYTO-BALANCE,3,170.46
2024-07-24 01:36:12,Rella Aesthetics,service,Semaglutide 1 Month,1,0.0
2024-10-13 03:34:14,Rella Aesthetics,service,Vaginal Rejuvenation,1,1000.0
2025-04-19 04:15:19,Rella Aesthetics,service,Private Event Injectables,1,0.0
2024-11-06 06:58:00,Rella Aesthetics - Napa,service,C02 For You Bundle,1,1197.0
2024-11-12 14:15:49,Rella Aesthetics - Napa,service,C02- Follow up,1,0.0
2024-08-22 04:11:28,Rella Aesthetics,service,New Patient Consult,1,0.0
2024-10-22 08:24:35,Rella Aesthetics,service,Botox & Filler,1,50.0
2024-06-18 04:09:15,Rella Aesthetics - Napa,product,GLYCOLIC-10-RENEW-OV,3,288.0
2025-04-07 09:44:52,Rella Aesthetics,service,Semaglutide x 1 injection,1,0.0
2024-11-10 18:42:55,Rella Aesthetics - Napa,service,BioRePeel Package (4 Treatments),1,1020.0
2024-11-17 08:41:01,Rella Aesthetics,service,Additional Syringe,1,642.73
2024-09-21 13:53:14,Rella Aesthetics - Napa,service,Laser Hair Removal - Medium Area,1,1350.0
2024-06-23 18:21:54,Rella Aesthetics,service,Botox & Filler,1,50.0
2024-11-21 21:24:10,Rella Aesthetics - Napa,product,SHEER-DEFENSE,1,39.0
2024-08-28 06:39:11,Rella Aesthetics - Napa,service,C02 Hands Add on,1,300.0
2025-01-23 20:19:04,Rella Aesthetics,service,Vitamin Fortified Moisturizer,1,0.0
2024-09-11 19:09:56,Rella Aesthetics,product,LASER-HAIR-REMOVA-10,3,5670.0
2025-04-06 07:49:32,Rella Aesthetics,product,TINTED-DEFENSE,2,80.0
2025-03-16 22:07:38,Rella Aesthetics,service,Sheer Lightweight Brightening Sunscreen,1,0.0
2024-12-17 11:02:04,Rella Aesthetics - Napa,service,Pronox,1,50.0
2024-06-10 08:56:22,Rella Aesthetics,product,SOOTHING-ESSENCE-MIS,3,30.0
2024-12-16 04:46:55,Rella Aesthetics,service,Semaglutide - monthly pickup,1,525.0
2025-03-18 00:28:12,Rella Aesthetics - Napa,service,BioRePeel Package (4 Treatments),1,1020.0
2025-02-24 04:51:58,Rella Aesthetics,service,Laser Hair Removal - Small Area,1,600.0
2024-05-31 23:45:33,Rella Aesthetics - Napa,service,BodyTone Special,1,100.0
2024-07-22 10:19:31,Rella Aesthetics - Napa,service,RF Microneedling Face + Neck + Decollete Package (3 Treatments),1,2625.0
2025-03-14 17:01:19,Rella Aesthetics,service,Private Event Injectables,1,0.0
2024-05-30 06:06:41,Rella Aesthetics,product,LIPID-CLOUD,3,312.0
2024-10-16 13:59:37,Rella Aesthetics - Napa,service,Additional Syringe,1,612.94
2025-03-11 19:43:14,Rella Aesthetics,service,Private Event,1,0.0
2024-06-19 18:42:52,Rella Aesthetics,service,LED Add On,1,47.49
2024-08-06 11:20:00,Rella Aesthetics,service,$249 4x Body Sculpt Bundle offer,1,249.0
2024-10-26 19:19:45,Rella Aesthetics - Napa,service,Vaginal Rejuvenation x3 treatments,1,1000.0
2024-09-15 08:49:16,Rella Aesthetics,service,Tirzepatide - monthly pickup,1,625.0
2024-09-28 11:30:08,Rella Aesthetics,service,TRT Virtual Consult,1,0.0
2025-03-30 03:54:55,Rella Aesthetics - Napa,service,LED Add On,1,45.29
2024-05-01 21:09:32,Rella Aesthetics - Napa,service,Semaglutide x 1 injection,1,0.0
2024-09-13 07:53:58,Rella Aesthetics,service,Spot Treatment with Lasers,1,200.0
2024-11-25 21:31:03,Rella Aesthetics - Napa,service,MiraDry,1,2000.0
2024-06-16 04:59:43,Rella Aesthetics,product,LASER-HAIR-REMOVAL-2,2,5400.0
2024-06-23 17:43:28,Rella Aesthetics,service,Initial Skin Health Consult,1,0.0
2024-06-19 11:37:10,Rella Aesthetics - Napa,service,C02 Special,1,500.0
2025-03-17 20:32:52,Rella Aesthetics,product,DISCOLORATION-DEFENS,3,330.0
2025-02-12 20:08:59,Rella Aesthetics - Napa,product,LASER-HAIR-REMOVAL-2,1,2700.0
2024-07-19 12:10:05,Rella Aesthetics,product,TOX-12X-MONTHS-(PAID,1,240.0
2025-03-15 07:40:34,Rella Aesthetics,product,AQUAGLOW-HYALURONIC-,3,294.0
2025-04-29 15:07:10,Rella Aesthetics,product,JUVEDERM-VOLBELLA-XC,2,1600.0
2024-06-02 00:17:18,Rella Aesthetics,product,SIMPLY-CLEAN,2,71.97
2025-03-13 14:33:23,Rella Aesthetics - Napa,service,Retinol + Niacinamide Nourishing PM Eye Cream,1,0.0
2024-05-10 17:41:50,Rella Aesthetics - Napa,service,Vitamin D,1,26.19
2024-08-27 00:37:13,Rella Aesthetics - Napa,service,PRP Hair Restoration,1,700.0
2025-02-01 21:33:01,Rella Aesthetics - Napa,service,Hydrafacial Special,1,150.0
2024-10-22 10:19:03,Rella Aesthetics,service,PRP Injection,1,644.91
2024-11-27 15:58:15,Rella Aesthetics - Napa,service,BodySculp Special,1,100.0
2024-08-11 06:12:32,Rella Aesthetics - Napa,service,C02 For You Bundle,1,1197.0
2025-02-07 12:55:24,Rella Aesthetics - Napa,service,Semaglutide X6 Months,1,0.0
2024-12-13 01:47:14,Rella Aesthetics - Napa,service,Laser Hair Removal - Large Area,1,2050.0
2024-08-07 21:42:09,Rella Aesthetics,service,Lipid Replenishing Soft Cream,1,0.0
2024-11-24 23:52:27,Rella Aesthetics,service,Shaving Fee,1,75.0
2025-02-18 15:20:58,Rella Aesthetics,service,Vitamin Fortified Moisturizer,1,0.0
2025-03-19 08:18:21,Rella Aesthetics - Napa,product,LASER-HAIR-REMOVAL--,2,5400.0
2025-04-12 19:47:38,Rella Aesthetics,service,IPL special,1,186.27
2024-05-18 21:53:15,Rella Aesthetics,product,AHA-/-BHA-EXFOLIATIN,2,112.0
2024-09-02 16:10:16,Rella Aesthetics,service,Kybella,1,50.0
2025-01-24 20:03:12,Rella Aesthetics,service,Phyto Multi Correction Serum,1,0.0
2024-06-15 19:14:35,Rella Aesthetics - Napa,product,CO2-+-2-HYDRAFACIALS,1,1197.0
2025-02-08 12:45:29,Rella Aesthetics,service,C02 Skin Resurfacing Special $997,1,997.0
2024-12-23 15:46:20,Rella Aesthetics - Napa,service,Spot Treatment with Lasers,1,200.0
2024-12-20 04:03:19,Rella Aesthetics,service,RF Microneedling Face Package (3 Treatments),1,2025.0
2024-07-08 15:55:38,Rella Aesthetics,service,Vitamin D,1,30.0
2025-01-15 20:31:26,Rella Aesthetics,service,Additional Syringe,1,597.97
2024-12-19 08:55:08,Rella Aesthetics,service,TRT Virtual Consult,1,0.0
2025-04-18 16:57:46,Rella Aesthetics - Napa,service,Woodland - weight loss follow up,1,0.0
2025-01-08 04:30:42,Rella Aesthetics,service,Private Event,1,0.0
2024-06-24 07:33:47,Rella Aesthetics - Napa,service,RF Microneedling Neck Add-On,1,137.44
2025-02-09 16:19:24,Rella Aesthetics,service,Fractionated Hyaluronic Acid/ Hydrating Serum,1,0.0
2025-01-09 05:39:57,Rella Aesthetics - Napa,service,Semaglutide x 1 injection,1,0.0
2025-04-27 19:42:51,Rella Aesthetics,product,TINTED-DEFENSE,3,120.0
2024-06-10 11:19:04,Rella Aesthetics - Napa,product,LASER-HAIR-REMOVAL-9,1,3240.0
2025-03-04 01:08:23,Rella Aesthetics - Napa,product,SIMPLY-CLEAN,2,69.28
2025-02-22 12:05:18,Rella Aesthetics - Napa,service,IPL Full Face - Package (3 Treatments),1,785.07
2025-04-23 22:37:35,Rella Aesthetics,service,Universal Peel,1,0.0
2024-08-15 21:36:08,Rella Aesthetics,service,Bloom Membership,1,0.0
2025-02-04 07:51:22,Rella Aesthetics,service,AHA / BHA Exfoliating Polish,1,0.0
2024-10-21 01:47:59,Rella Aesthetics - Napa,service,Sheer Lightweight Brightening Sunscreen,1,0.0
2025-03-26 20:49:33,Rella Aesthetics - Napa,product,HA-INTENSIFIER-MULTI,3,319.77
2024-06-13 04:42:15,Rella Aesthetics - Napa,product,C02-MASK,1,100.0
2025-03-27 18:34:54,Rella Aesthetics,product,JELLY-MASK,2,40.0
2025-04-16 05:39:36,Rella Aesthetics - Napa,service,Body Tone- Muscle Toning 1x treatment,1,0.0
2025-03-07 12:10:26,Rella Aesthetics,service,MiraDry Special $750 2nd Service,1,0.0
2025-03-17 20:20:06,Rella Aesthetics,service,AHA / BHA Exfoliating Polish,1,0.0
2024-09-15 21:08:05,Rella Aesthetics - Napa,service,C02 For You Bundle,1,1197.0
2025-03-27 05:34:07,Rella Aesthetics,service,Additional Syringe,1,700.0
2024-12-20 21:00:51,Rella Aesthetics,service,Semaglutide 3 Month,1,0.0
2024-10-22 15:07:40,Rella Aesthetics - Napa,product,LASER-HAIR-REMOVAL-5,2,6480.0
2024-12-07 23:04:21,Rella Aesthetics,service,RF Microneedling Face + Neck + Decollete Package (3 Treatments),1,2625.0
2025-03-01 11:56:46,Rella Aesthetics - Napa,product,LASER-HAIR-REMOVA-15,2,3780.0
2024-12-27 08:51:12,Rella Aesthetics,product,JUVEDERM-ULTRA-XC,1,700.0
2025-02-25 01:02:40,Rella Aesthetics - Napa,product,VAGINAL-REJUVENATION,2,5000.0
2024-07-04 20:19:40,Rella Aesthetics - Napa,service,Spider Vein Removal,1,350.0
2024-11-24 03:17:52,Rella Aesthetics - Napa,service,C02- Follow up,1,0.0
2025-03-25 06:27:16,Rella Aesthetics,product,HYDRAFACIAL-PERK-EYE,2,80.0
2024-11-05 11:17:30,Rella Aesthetics - Napa,service,C02 Hands Add on,1,263.49
2024-12-26 15:56:27,Rella Aesthetics,product,PEPTIDE-NECK-CREAM,2,183.63
2024-08-11 16:50:05,Rella Aesthetics,service,B-Complex,1,50.0
2024-07-04 16:17:40,Rella Aesthetics,service,C02- Follow up,1,0.0
2024-10-21 11:38:03,Rella Aesthetics - Napa,service,C02 Neck Add On,1,441.31
2024-10-09 08:34:26,Rella Aesthetics,service,Additional Syringe,1,626.83
2024-07-10 08:53:33,Rella Aesthetics - Napa,product,PHYTO-BALANCE,3,182.48
2025-02-15 00:37:29,Rella Aesthetics - Napa,service,Lipo-C / MIC,1,30.0
2025-03-16 19:18:00,Rella Aesthetics - Napa,service,Spot Treatment with Lasers,1,200.0
2024-07-10 13:12:34,Rella Aesthetics,product,BODY-TONE-X6-PACKAGE,1,1304.37
2024-12-14 15:58:27,Rella Aesthetics,service,New Patient Consult,1,0.0
2024-07-31 09:00:50,Rella Aesthetics,service,Filler,1,44.79
2024-07-18 07:46:28,Rella Aesthetics - Napa,service,Sheer Lightweight Brightening Sunscreen,1,0.0
2024-09-04 01:53:18,Rella Aesthetics - Napa,service,Tox 12 Month Membership PIF,1,0.0
2025-02-25 12:38:51,Rella Aesthetics - Napa,product,VAGINAL-REJUVENATION,2,5000.0
2025-02-12 06:39:03,Rella Aesthetics - Napa,product,LIPID-CLOUD,1,104.0
2025-01-20 00:38:29,Rella Aesthetics - Napa,service,BioRePeel,1,280.0
2024-07-27 09:06:04,Rella Aesthetics - Napa,product,RF-MICRONEEDLING-FAC,2,5250.0
2024-07-12 02:29:41,Rella Aesthetics - Napa,service,MiraDry Special $750 2nd Service,1,0.0
2024-12-02 12:33:16,Rella Aesthetics,service,IV Special,1,150.0
2025-03-16 17:28:53,Rella Aesthetics,service,MiraDry Special $750 2nd Service,1,0.0
2025-04-15 07:50:29,Rella Aesthetics,service,Spot Treatment with Lasers,1,200.0
2025-02-14 07:09:03,Rella Aesthetics - Napa,product,SKIN-STYLUS-TIPS;-12,3,0.0
2024-12-15 02:07:05,Rella Aesthetics,service,New Patient Consult,1,0.0
2024-06-21 08:54:34,Rella Aesthetics - Napa,service,Tox 12 Month Membership PIF,1,0.0
2024-10-28 21:59:56,Rella Aesthetics - Napa,service,New Patient Consult,1,0.0
2024-09-29 12:40:50,Rella Aesthetics - Napa,product,LASER-HAIR-REMOVAL-4,2,6480.0
2024-06-19 19:42:57,Rella Aesthetics - Napa,service,Vitamin D,1,30.0
2024-11-22 05:57:46,Rella Aesthetics - Napa,product,IPL-FACE-+-NECK-+-DE,1,1300.0
2024-09-16 18:26:31,Rella Aesthetics - Napa,service,C02 Skin Resurfacing Special $750,1,0.0
2025-01-11 15:12:26,Rella Aesthetics - Napa,product,PLUMP-IT!-SPF-30,2,90.0
2025-03-05 17:02:36,Rella Aesthetics,product,MEMBERSHIP-FEE-CORRE,1,0.0
2025-02-02 22:06:48,Rella Aesthetics,service,Phyto Multi Correction Serum,1,0.0
2024-12-29 16:52:09,Rella Aesthetics,service,Semaglutide - monthly pickup,1,525.0
2024-12-07 07:11:35,Rella Aesthetics - Napa,product,LASER-HAIR-REMOVAL-2,2,5400.0
2024-07-24 04:01:14,Rella Aesthetics - Napa,product,RADIANT-GLOW-LACTIC-,2,158.7
2024-11-07 19:43:27,Rella Aesthetics,service,Spot Treatment with Lasers,1,176.0
2025-04-19 09:21:34,Rella Aesthetics - Napa,service,RF Microneedling Face + Neck + Decollete Package (3 Treatments),1,2625.0
2024-11-16 17:20:55,Rella Aesthetics - Napa,product,6-MONTHS-SEMAGLUTIDE,1,2500.0
2024-09-27 03:23:47,Rella Aesthetics - Napa,service,C02 Skin Resurfacing Special $750,1,0.0
2024-06-15 16:06:15,Rella Aesthetics - Napa,service,IPL Face + Neck Package (3 Treatments),1,1100.0
2024-08-10 20:19:20,Rella Aesthetics,product,SOOTHING-CLEANSER,3,120.0
2025-01-26 05:44:12,Rella Aesthetics - Napa,product,3-MONTHS-SEMAGLUTIDE,3,4125.0
2024-05-12 16:32:18,Rella Aesthetics - Napa,product,JELLY-MASK,2,40.0
2025-02-18 23:59:18,Rella Aesthetics - Napa,service,Lipid Replenishing Soft Cream,1,0.0
2025-04-18 01:25:52,Rella Aesthetics - Napa,service,Phyto Multi Correction Serum,1,0.0
2024-06-20 04:21:53,Rella Aesthetics - Napa,product,PRP-ADD-ON,3,1500.0
2024-08-15 10:59:43,Rella Aesthetics - Napa,service,C02 Décolleté Add On,1,500.0
2025-01-20 13:10:28,Rella Aesthetics - Napa,service,C02 Hands Add on,1,275.88
2024-06-12 07:35:26,Rella Aesthetics,product,BLEMISH-+-AGE-DEFENS,3,290.37
2025-01-16 08:55:34,Rella Aesthetics,service,Laser Hair Removal - Large Area,1,2050.0
2024-11-15 08:16:51,Rella Aesthetics,service,Semaglutide - monthly pickup,1,525.0
2024-10-15 02:56:23,Rella Aesthetics - Napa,product,LASER-HAIR-REMOVAL-9,3,9720.0
2025-02-12 11:39:21,Rella Aesthetics - Napa,product,HYDRATING-B5-GEL,2,180.0
2025-04-09 13:22:50,Rella Aesthetics - Napa,product,RETINOL-+-NIACINAMID,3,276.59
2024-12-10 04:05:08,Rella Aesthetics - Napa,product,JELLY-MASK,3,51.22
2025-03-28 02:36:14,Rella Aesthetics - Napa,product,HYDROQUINONE-POWDER,3,60.0
2024-12-15 20:33:22,Rella Aesthetics - Napa,service,Lab Draw,1,100.0
2024-12-11 05:01:40,Rella Aesthetics - Napa,product,LASER-HAIR-REMOVAL--,1,2700.0
2024-07-09 02:44:51,Rella Aesthetics,service,Vitamin Fortified Moisturizer,1,0.0
2025-04-22 03:48:07,Rella Aesthetics,product,JUVEDERM-ULTRA-PLUS-,2,1400.0
2024-08-17 17:27:03,Rella Aesthetics - Napa,product,DUAL-ACTIVE-PHYTO-GF,3,375.0
2025-03-24 11:41:02,Rella Aesthetics - Napa,service,Erbium Special,1,424.3
2024-11-30 17:50:23,Rella Aesthetics,service,Plumping Hyaluronic lip,1,0.0
2024-11-17 15:02:56,Rella Aesthetics - Napa,service,Additional Syringe,1,700.0
2024-10-13 22:04:19,Rella Aesthetics,service,$249 4x Body Sculpt Bundle offer,1,249.0
2025-03-24 11:52:38,Rella Aesthetics - Napa,product,HYDRATING-B5-GEL,2,180.0
2025-01-21 04:45:46,Rella Aesthetics - Napa,service,Botox / Dysport,1,50.0
2024-05-17 14:51:38,Rella Aesthetics,service,BodySculpt' Contouring1x treatment,1,0.0
2024-11-19 18:42:09,Rella Aesthetics,product,BODY-TONE-X6-PACKAGE,1,1500.0
2025-01-06 11:44:25,Rella Aesthetics,service,Bloom Membership,1,0.0
2024-08-26 00:29:24,Rella Aesthetics,service,Lipo-C / MIC,1,30.0
2024-05-10 22:43:35,Rella Aesthetics,service,C02 Hands Add on,1,300.0
2025-01-25 22:41:07,Rella Aesthetics,service,MiraDry Special $750 2nd Service,1,0.0
2025-04-01 22:58:55,Rella Aesthetics - Napa,service,BioRePeel,1,280.0
2024-09-07 22:43:01,Rella Aesthetics - Napa,service,Pronox,1,50.0
2025-03-08 04:27:09,Rella Aesthetics - Napa,service,C02- Follow up,1,0.0
2025-03-19 08:34:57,Rella Aesthetics - Napa,product,VAGINAL-REJUVENATION,1,2500.0
2024-10-06 07:43:57,Rella Aesthetics,service,IPL special,1,200.0
2024-08-18 01:00:31,Rella Aesthetics - Napa,product,RF-MICRONEEDLING-TIP,2,0.0
2024-08-27 21:47:09,Rella Aesthetics - Napa,service,C02 Décolleté Add On,1,500.0
2025-03-17 04:47:34,Rella Aesthetics,service,Erbium Special,1,400.77
2024-11-02 16:13:41,Rella Aesthetics - Napa,service,MiraDry Special $750 2nd Service,1,0.0
2024-09-26 20:07:10,Rella Aesthetics - Napa,product,TINTED-DEFENSE,3,106.43
2025-02-27 12:15:46,Rella Aesthetics - Napa,product,RESTYLANE-EYELIGHT,1,800.0
2024-07-30 18:43:51,Rella Aesthetics - Napa,product,IPL-FACE-+-NECK-PACK,1,939.01
2025-02-28 15:50:26,Rella Aesthetics - Napa,service,Hydrafacial Special,1,150.0
2024-09-21 03:39:35,Rella Aesthetics,service,BioRePeel Package (4 Treatments),1,940.21
2024-07-15 18:23:00,Rella Aesthetics,service,Tirzepatide - weekly injection,1,156.25
2025-02-20 01:33:49,Rella Aesthetics,service,Plumping Hyaluronic lip,1,0.0
2025-01-23 06:59:55,Rella Aesthetics,service,Lipid Replenishing Soft Cream,1,0.0
2024-12-16 09:16:12,Rella Aesthetics - Napa,product,SHEER-DEFENSE,1,39.0
2025-01-28 02:33:53,Rella Aesthetics - Napa,service,1st Weight Loss Appt (AFTER CONSULT),1,0.0
2024-12-29 21:23:46,Rella Aesthetics,service,LED Add On,1,45.75
2025-03-27 01:35:42,Rella Aesthetics,service,Initial Skin Health Consult,1,0.0
2024-11-16 01:40:05,Rella Aesthetics - Napa,service,Additional Syringe,1,644.66
2025-03-02 01:38:08,Rella Aesthetics - Napa,service,Botox & Filler,1,50.0
2024-06-22 05:54:32,Rella Aesthetics - Napa,product,IPL-FACE-+-NECK-+-DE,1,1300.0
2024-09-16 18:22:16,Rella Aesthetics,service,Acne Facial Special,1,87.85
2025-04-07 18:29:46,Rella Aesthetics,service,IPL Face + Neck Package (3 Treatments),1,1022.65
2024-07-25 18:35:11,Rella Aesthetics - Napa,service,Laser Hair Removal - Large Area,1,1828.81
2024-10-30 20:48:09,Rella Aesthetics,service,Retinol PM Treatment Serum 5x,1,0.0
2024-11-10 20:47:58,Rella Aesthetics,service,Laser Hair Removal - Small Area,1,600.0
2024-06-18 18:32:42,Rella Aesthetics - Napa,service,Lipo-C / MIC,1,30.0
2025-01-29 03:13:58,Rella Aesthetics - Napa,product,SEMAGLUTIDE,1,0.0
2024-10-25 05:30:12,Rella Aesthetics,product,RESTYLANE-EYELIGHT,2,1600.0
2025-04-24 03:05:17,Rella Aesthetics,product,LASER-HAIR-REMOVAL-6,1,3240.0
2024-11-29 15:29:06,Rella Aesthetics,service,1st Weight Loss Appt (AFTER CONSULT),1,0.0
2024-06-23 17:05:42,Rella Aesthetics,service,C02 For You Bundle,1,1019.95
2025-03-19 22:58:47,Rella Aesthetics,service,RF Microneedling Face Package (3 Treatments),1,1780.82
2024-06-13 17:54:55,Rella Aesthetics,service,C02 Neck Add On,1,500.0
2025-04-06 05:58:25,Rella Aesthetics - Napa,service,20% Vitamin C Brightening Serum,1,132.0
2024-06-21 17:38:50,Rella Aesthetics - Napa,service,C02 Neck Add On,1,500.0
2024-12-05 00:15:52,Rella Aesthetics - Napa,product,FILLER-12X-MONTH-(PA,2,720.0
2025-01-21 00:54:02,Rella Aesthetics,service,Tirzepatide - monthly pickup,1,625.0
2024-11-22 01:42:56,Rella Aesthetics - Napa,product,RETINOL-+-NIACINAMID,1,108.0
2024-05-03 15:58:39,Rella Aesthetics - Napa,service,IPL Face + Neck + Decollete Package (3 Treatments),1,1300.0
2024-05-19 12:40:57,Rella Aesthetics - Napa,service,C02 Add Ons,1,0.0
2024-07-31 14:43:46,Rella Aesthetics,service,IV Special,1,150.0
2025-01-26 07:28:17,Rella Aesthetics,product,RESTYLANE-KYSSE,3,2100.0
2024-06-27 08:40:58,Rella Aesthetics,product,TINTED-DEFENSE,2,80.0
2024-12-02 15:48:59,Rella Aesthetics,service,Skin Stylus Microneedling Package (3 Treatments),1,1118.07
2024-11-01 04:59:28,Rella Aesthetics,service,Sheer Lightweight Brightening Sunscreen,1,0.0
2024-10-04 11:31:49,Rella Aesthetics - Napa,service,Skin Resurfacing Full Face - Erbium Package (3 Treatments),1,1821.24
2024-11-12 16:04:53,Rella Aesthetics - Napa,service,Acne Facial Special,1,100.0
2024-12-31 14:45:05,Rella Aesthetics - Napa,service,Filler,1,50.0
2024-05-27 10:31:13,Rella Aesthetics - Napa,service,Skin Stylus Microneedling Package (3 Treatments),1,1250.0
2024-09-08 23:33:27,Rella Aesthetics - Napa,service,Green Tea Antioxidant Soothing Cleanser,1,0.0
2025-03-07 21:10:56,Rella Aesthetics,service,Spider Vein Removal,1,350.0
2024-06-19 04:19:13,Rella Aesthetics - Napa,product,RADIANT-GLOW-LACTIC-,3,270.0
2025-04-24 16:45:29,Rella Aesthetics - Napa,service,Semaglutide X6 Months,1,0.0
2024-09-30 18:48:18,Rella Aesthetics - Napa,service,C02 Neck Add On,1,468.97
2024-06-03 15:45:26,Rella Aesthetics - Napa,service,IV Special,1,150.0
2024-12-22 11:29:43,Rella Aesthetics - Napa,service,BodySculp Special,1,100.0
2025-02-16 15:37:09,Rella Aesthetics,service,Semaglutide - monthly pickup,1,525.0
2024-12-13 09:22:32,Rella Aesthetics - Napa,service,Sculptra,1,42.67
2024-09-06 20:43:02,Rella Aesthetics,service,Retinol PM Treatment Serum 5x,1,0.0
2024-09-29 09:38:45,Rella Aesthetics,product,LASER-HAIR-REMOVA-10,2,3780.0
2024-11-19 14:03:18,Rella Aesthetics,service,BodySculpt' Contouring1x treatment,1,0.0
2024-07-18 08:41:50,Rella Aesthetics,service,Phyto Dual Action Formula,1,0.0
2025-04-26 07:38:37,Rella Aesthetics - Napa,service,Bloom Membership,1,0.0
2025-02-19 16:38:39,Rella Aesthetics - Napa,product,KYBELLA,3,1800.0
2024-09-28 19:24:51,Rella Aesthetics,service,Vaginal Rejuvenation x3 treatments,1,1000.0
2024-12-26 00:04:04,Rella Aesthetics,service,Shaving Fee,1,75.0
2025-03-13 06:05:26,Rella Aesthetics,product,FILLER-MEMBERSHIP,2,60.0
2024-07-19 13:55:49,Rella Aesthetics - Napa,service,Retinol + Niacinamide Nourishing PM Eye Cream,1,0.0
2024-12-16 10:47:04,Rella Aesthetics,product,BODY-TONE-X6-PACKAGE,1,1500.0
2025-02-22 18:58:20,Rella Aesthetics - Napa,service,Spider Vein Removal,1,350.0
2024-12-01 01:25:53,Rella Aesthetics,service,TRT Virtual Consult,1,0.0
2024-06-04 09:13:10,Rella Aesthetics,service,Tirzepatide - weekly injection,1,156.25
2025-01-08 16:06:54,Rella Aesthetics - Napa,service,Hylenex,1,200.0
2025-01-16 06:59:49,Rella Aesthetics - Napa,service,Acne Facial Special,1,94.18
2025-01-10 09:15:55,Rella Aesthetics,product,RADIANT-GLOW-LACTIC-,2,180.0
2025-01-10 01:55:46,Rella Aesthetics,product,LASER-HAIR-REMOVA-11,2,4320.0
2025-04-17 07:21:44,Rella Aesthetics,service,AHA / BHA Exfoliating Polish,1,0.0
2024-06-18 01:28:32,Rella Aesthetics - Napa,service,LED Add On,1,50.0
2025-04-17 19:15:08,Rella Aesthetics - Napa,product,LASER-HAIR-REMOVAL-2,3,8100.0
2025-02-08 03:02:23,Rella Aesthetics - Napa,service,Spot Treatment with Lasers,1,200.0
2025-04-27 11:45:55,Rella Aesthetics,product,RESTYLANE-REFYNE,2,1400.0
2024-12-12 09:58:18,Rella Aesthetics - Napa,service,Tirzepatide - weekly injection,1,133.34
2025-04-26 00:42:59,Rella Aesthetics - Napa,product,PRP-ADD-ON,3,1357.95
2024-11-08 06:54:22,Rella Aesthetics,product,TOX-MEMBERSHIP,1,20.0
2024-07-03 04:29:00,Rella Aesthetics,product,LHA-CLEANSER-GEL,2,90.0
2024-10-06 02:02:15,Rella Aesthetics - Napa,service,Sheer Lightweight Brightening Sunscreen,1,0.0
2024-10-01 01:18:03,Rella Aesthetics,product,RESTYLANE-L,2,1400.0
2024-07-29 17:08:57,Rella Aesthetics,service,Additional Syringe,1,700.0
2024-10-04 01:25:54,Rella Aesthetics - Napa,service,Hylenex,1,200.0
2024-06-07 19:43:05,Rella Aesthetics - Napa,product,RESTYLANE-EYELIGHT,3,2120.99
2024-08-26 16:36:14,Rella Aesthetics - Napa,service,C02 Skin Resurfacing Special $997,1,893.03
2024-08-28 01:32:02,Rella Aesthetics,service,New Patient Consult,1,0.0
2024-08-28 07:31:52,Rella Aesthetics,service,Semaglutide - monthly pickup,1,525.0
2024-11-11 13:32:55,Rella Aesthetics - Napa,service,Semaglutide - monthly pickup,1,525.0
2024-10-06 15:09:03,Rella Aesthetics - Napa,service,BodySculp Special,1,100.0
2024-05-22 11:33:01,Rella Aesthetics - Napa,product,KYBELLA,1,600.0
2025-04-23 00:17:43,Rella Aesthetics - Napa,service,AHA / BHA Exfoliating Polish,1,0.0
2025-02-22 19:40:44,Rella Aesthetics - Napa,service,LED Add On,1,50.0
2025-03-22 17:26:19,Rella Aesthetics,service,IPL special,1,200.0
2024-12-11 06:15:34,Rella Aesthetics,service,Hylenex,1,181.39
2024-10-09 14:17:01,Rella Aesthetics,service,Semaglutide - monthly pickup,1,525.0
2024-05-14 16:27:23,Rella Aesthetics - Napa,service,Additional Syringe,1,700.0
2025-03-17 12:00:23,Rella Aesthetics - Napa,product,MEMBERSHIP-FEE-CORRE,3,0.0
2024-11-10 10:22:54,Rella Aesthetics,service,Napa - Semaglutide Weight Loss Phone Consult,1,0.0
2024-10-14 11:30:46,Rella Aesthetics - Napa,service,C02 Neck Add On,1,500.0
2024-09-26 10:12:03,Rella Aesthetics - Napa,service,Hands Hydrafacial,1,0.0
2025-01-24 11:59:59,Rella Aesthetics,service,RF Microneedling Decollete Add-On,1,150.0
2024-11-09 17:06:34,Rella Aesthetics,service,AHA / BHA Exfoliating Polish,1,0.0
2024-06-02 09:38:16,Rella Aesthetics,product,LASER-HAIR-REMOVAL-5,1,3240.0
2024-11-14 14:06:55,Rella Aesthetics,product,LHA-CLEANSER-GEL,3,135.0
2024-07-14 10:46:03,Rella Aesthetics - Napa,service,Semaglutide 1 Month,1,0.0
2024-11-27 16:26:59,Rella Aesthetics,service,PRP Injection,1,651.69
2024-12-05 10:48:07,Rella Aesthetics,product,JUVEDERM-ULTRA-XC-.5,2,900.0
2024-05-15 23:03:37,Rella Aesthetics - Napa,service,RF Microneedling Decollete Add-On,1,150.0
2024-08-04 16:36:54,Rella Aesthetics - Napa,service,Skin Resurfacing Erbium Face + Neck Package (3 Treatments),1,2225.0
2025-03-08 04:07:52,Rella Aesthetics - Napa,service,C02 For You Bundle,1,1197.0
2024-07-02 16:32:13,Rella Aesthetics,product,JUVEDERM-ULTRA-PLUS-,3,2100.0
2024-07-17 15:58:57,Rella Aesthetics,product,LASER-HAIR-REMOVA-10,2,3780.0
2025-03-22 08:23:47,Rella Aesthetics - Napa,service,Bloom Membership,1,0.0
2024-12-14 05:18:24,Rella Aesthetics - Napa,service,Botox & Filler,1,50.0
2025-03-20 16:27:03,Rella Aesthetics - Napa,service,MiraDry Special $750 2nd Service,1,0.0
2024-09-20 13:41:39,Rella Aesthetics,service,Mineral Mattifing Tinted Sunscreen,1,0.0
2024-12-23 15:40:02,Rella Aesthetics,product,RF-MICRONEEDLING-F-1,2,4650.0
2024-05-08 15:39:25,Rella Aesthetics,service,PRP Hair Restoration Package (3 Treatments),1,1800.0
2024-10-06 18:33:22,Rella Aesthetics - Napa,service,BioRePeel Package (4 Treatments),1,1020.0
2025-01-25 11:47:41,Rella Aesthetics,service,MiraDry,1,2000.0
2024-09-16 02:37:46,Rella Aesthetics - Napa,product,SOOTHING-CLEANSER,2,80.0
2024-07-12 22:07:56,Rella Aesthetics,product,RESTYLANE-KYSSE,2,1400.0
2024-05-06 09:39:58,Rella Aesthetics - Napa,product,LASER-HAIR-REMOVA-12,1,1858.44
2024-05-15 16:35:29,Rella Aesthetics,service,MiraDry Special $750 2nd Service,1,0.0
2024-07-20 13:14:04,Rella Aesthetics - Napa,product,TRIPLE-LIPID-RESTORE,1,150.0
2025-01-03 05:20:06,Rella Aesthetics,service,Botox / Dysport,1,50.0
2024-12-03 19:21:48,Rella Aesthetics - Napa,service,New Patient Consult,1,0.0
2024-11-21 01:55:30,Rella Aesthetics - Napa,service,Semaglutide X6 Months,1,0.0
2024-08-11 17:31:41,Rella Aesthetics,service,Skin Stylus Microneedling Package (3 Treatments),1,1250.0
2024-05-04 19:45:09,Rella Aesthetics,product,JUVEDERM-VOLLURE-XC,2,1600.0
2025-02-11 10:10:17,Rella Aesthetics,product,HYDRFACIAL-LIP-PERK,2,80.0
2024-12-20 22:19:39,Rella Aesthetics,service,Pronox,1,44.28
2024-12-13 07:17:47,Rella Aesthetics,service,Filler,1,50.0
2024-05-04 02:46:48,Rella Aesthetics - Napa,service,Laser Hair Removal - Large Area,1,1828.64
2024-07-25 20:45:49,Rella Aesthetics,product,PRP-HAIR-RESTORATION,3,3608.17
2024-12-07 17:38:32,Rella Aesthetics,product,JUVEDERM-ULTRA-PLUS-,2,1400.0
2025-01-29 21:36:49,Rella Aesthetics,service,Private Event,1,0.0
2024-10-15 00:57:22,Rella Aesthetics,service,Retinol + Niacinamide Nourishing PM Eye Cream,1,0.0
2025-04-29 04:11:10,Rella Aesthetics,service,Erbium Special,1,450.0
2025-04-01 05:01:16,Rella Aesthetics - Napa,service,RF Microneedling Face Package (3 Treatments),1,2025.0
2024-12-24 14:36:52,Rella Aesthetics - Napa,service,Green Tea Antioxidant Soothing Cleanser,1,0.0
2024-11-08 10:51:23,Rella Aesthetics - Napa,service,Vitamin Fortified Moisturizer,1,0.0
2025-03-02 02:21:56,Rella Aesthetics - Napa,service,Acne Facial Special,1,100.0
2024-05-01 13:28:49,Rella Aesthetics - Napa,service,Shaving Fee,1,75.0
2024-09-05 06:28:07,Rella Aesthetics - Napa,service,Lipo-C / MIC,1,30.0
2024-12-01 19:33:20,Rella Aesthetics - Napa,service,Semaglutide 1 Month,1,0.0
2024-09-14 02:52:51,Rella Aesthetics,service,IPL Full Face - Package (3 Treatments),1,900.0
2024-06-20 08:11:15,Rella Aesthetics - Napa,product,POWDER-DEFENSE,2,94.82
2024-10-16 00:40:25,Rella Aesthetics,product,CO2-+-2-HYDRAFACIALS,1,1036.13
2024-05-04 00:24:39,Rella Aesthetics - Napa,product,LASER-HAIR-REMOVAL-3,1,2374.12
2024-06-23 09:41:30,Rella Aesthetics - Napa,service,C02 Skin Resurfacing Special $997,1,997.0
2025-01-06 06:53:54,Rella Aesthetics,service,RF Microneedling Neck Add-On,1,150.0
2025-01-21 06:00:45,Rella Aesthetics,service,C02 Hands Add on,1,276.2
2024-08-29 18:36:49,Rella Aesthetics - Napa,service,Skin Resurfacing Erbium Face + Neck + Decollete Package (3 Treatments),1,2425.0
2024-12-24 12:05:53,Rella Aesthetics,product,P-TIOX,1,148.0
2024-12-16 21:08:57,Rella Aesthetics,service,Botox / Dysport,1,50.0
2024-07-09 00:51:35,Rella Aesthetics - Napa,service,Green Tea Antioxidant Soothing Cleanser,1,0.0
2024-09-09 18:44:14,Rella Aesthetics,product,HYDRAFACIAL-PERK-EYE,3,120.0
2024-08-22 16:55:29,Rella Aesthetics - Napa,service,Sculptra,1,50.0
2024-08-23 03:47:35,Rella Aesthetics,service,$249 4x Body Sculpt Bundle offer,1,249.0
2024-10-21 14:14:44,Rella Aesthetics - Napa,service,MiraDry Special $750 2nd Service,1,0.0
2024-11-18 20:18:01,Rella Aesthetics,service,BodyTone Special,1,100.0
2024-08-17 10:37:23,Rella Aesthetics - Napa,service,Hands Hydrafacial,1,0.0
2024-07-23 17:57:34,Rella Aesthetics,service,AHA / BHA Exfoliating Polish,1,0.0
2024-08-24 15:29:39,Rella Aesthetics,service,MiraDry,1,2000.0
2025-04-09 20:43:39,Rella Aesthetics,service,BodySculp Special,1,94.63
2024-08-25 02:05:51,Rella Aesthetics,service,IPL special,1,200.0
2025-03-29 17:14:38,Rella Aesthetics - Napa,service,Private Event Injectables,1,0.0
2024-07-18 11:20:39,Rella Aesthetics,service,B-Complex,1,50.0
2024-08-01 13:36:53,Rella Aesthetics - Napa,service,C02- Follow up,1,0.0
2024-06-15 03:27:29,Rella Aesthetics,product,BLEMISH-CORRECTIVE-T,3,133.2
2024-12-29 12:33:25,Rella Aesthetics - Napa,service,Tox 12 Month Membership PIF,1,0.0
2025-02-02 03:33:22,Rella Aesthetics - Napa,product,AQUAGLOW-HYALURONIC-,2,196.0
2025-04-28 14:46:23,Rella Aesthetics,service,Fractionated Hyaluronic Acid/ Hydrating Serum,1,0.0
2024-11-09 06:53:48,Rella Aesthetics,service,RF Microneedling Face Package (3 Treatments),1,1733.09
2025-03-02 03:03:58,Rella Aesthetics,service,Private Event Injectables,1,0.0
2024-09-01 13:07:07,Rella Aesthetics,product,BIOCELLULOSE-RESTORA,1,18.0
2024-05-19 21:51:59,Rella Aesthetics,service,Sheer Lightweight Brightening Sunscreen,1,0.0
2024-08-11 17:36:32,Rella Aesthetics - Napa,service,PRP Hair Restoration,1,700.0
2024-12-27 21:56:47,Rella Aesthetics,service,Shaving Fee,1,75.0
2024-11-05 20:16:03,Rella Aesthetics - Napa,service,Universal Peel,1,0.0
2025-03-31 11:03:29,Rella Aesthetics,service,C02 Hands Add on,1,300.0
2024-10-05 11:04:11,Rella Aesthetics,product,TOX-&-FILLER-12X-MON,2,960.0
2024-11-25 03:16:13,Rella Aesthetics - Napa,service,Plumping Hyaluronic lip,1,0.0
2025-02-21 12:50:13,Rella Aesthetics - Napa,service,C02 Neck Add On,1,435.46
2024-06-20 14:33:59,Rella Aesthetics,service,Lab Draw,1,100.0
2025-02-14 23:52:30,Rella Aesthetics,service,Tirzepatide - weekly injection,1,156.25
2025-04-06 03:35:26,Rella Aesthetics,service,Sheer Lightweight Brightening Sunscreen,1,0.0
2024-08-14 12:35:57,Rella Aesthetics,service,Erbium Special,1,450.0
2025-01-27 04:56:44,Rella Aesthetics - Napa,service,RF Microneedling Face Package (3 Treatments),1,1871.77
2024-08-25 14:28:39,Rella Aesthetics - Napa,product,C02-MASK,3,300.0
2025-01-05 18:28:57,Rella Aesthetics - Napa,service,Tirzepatide - weekly injection,1,156.25
2024-05-01 11:35:38,Rella Aesthetics - Napa,service,Private Event,1,0.0
2024-11-10 07:14:53,Rella Aesthetics - Napa,product,LASER-HAIR-REMOVAL-7,2,5400.0
2024-05-22 03:31:19,Rella Aesthetics,product,SOOTHING-RECOVERY-OI,3,90.0
2024-10-13 01:59:21,Rella Aesthetics - Napa,service,Skin Resurfacing Full Face - Erbium Package (3 Treatments),1,2025.0
2024-12-23 10:54:46,Rella Aesthetics - Napa,service,Tirzepatide - monthly pickup,1,625.0
2024-12-31 21:09:05,Rella Aesthetics,service,Universal Peel,1,0.0
2024-06-01 03:01:26,Rella Aesthetics - Napa,service,BodyTone Special,1,100.0
2025-04-23 07:58:16,Rella Aesthetics,service,Laser Hair Removal - Large Area,1,2050.0
2024-11-03 09:38:21,Rella Aesthetics - Napa,service,Sculptra,1,50.0
2025-04-05 01:36:00,Rella Aesthetics,product,VAGINAL-REJUVENATION,1,2500.0
2025-01-12 17:57:09,Rella Aesthetics - Napa,service,Lipid Replenishing Soft Cream,1,0.0
2024-12-03 18:21:10,Rella Aesthetics,service,Skin Stylus Neck Add on,1,65.0
2024-10-07 22:22:58,Rella Aesthetics,service,BodySculp Special,1,100.0
2024-10-28 07:36:34,Rella Aesthetics - Napa,service,Private Event Injectables,1,0.0
2024-06-21 18:05:50,Rella Aesthetics,service,IV Special,1,150.0
2025-04-07 16:03:47,Rella Aesthetics,product,SEMAGLUTIDE,3,0.0
2025-01-09 22:29:32,Rella Aesthetics,product,RF-MICRONEEDLING-TIP,1,0.0
2024-08-24 20:47:06,Rella Aesthetics,service,RF Microneedling Face + Neck + Decollete Package (3 Treatments),1,2625.0
2025-01-29 10:27:50,Rella Aesthetics - Napa,service,Napa - Semaglutide Weight Loss Phone Consult,1,0.0
2025-04-15 11:06:53,Rella Aesthetics,service,Phyto Multi Correction Serum,1,0.0
2024-10-04 19:51:33,Rella Aesthetics,service,Vitamin Fortified Moisturizer,1,0.0
2025-01-15 21:44:25,Rella Aesthetics,product,MICRO-EXFOLIATING-SC,3,94.68
2025-03-18 05:02:35,Rella Aesthetics,service,Filler,1,50.0
2025-01-08 06:53:03,Rella Aesthetics,service,Vitamin D,1,28.02
2025-01-30 02:17:44,Rella Aesthetics - Napa,service,Tirzepatide - weekly injection,1,156.25
2025-01-04 10:29:33,Rella Aesthetics,service,Spider Vein Removal,1,350.0
2024-05-16 06:06:52,Rella Aesthetics,service,Green Tea Antioxidant Soothing Cleanser,1,0.0
2025-04-15 23:30:02,Rella Aesthetics,service,PRP Hair Restoration Package (3 Treatments),1,1800.0
2025-01-11 07:21:45,Rella Aesthetics - Napa,service,RF Microneedling Decollete Add-On,1,135.85
2024-12-19 00:47:02,Rella Aesthetics - Napa,service,RF Microneedling Face Package (3 Treatments),1,2025.0
2024-07-17 06:47:23,Rella Aesthetics,service,RF Microneedling Face Package (3 Treatments),1,1856.69
2024-05-01 12:06:56,Rella Aesthetics - Napa,service,BioRePeel Package (4 Treatments),1,958.12
2025-04-05 20:39:23,Rella Aesthetics,product,C02-MASK,3,300.0
2024-08-26 08:08:52,Rella Aesthetics,product,TIRZEPATIDE,3,0.0
2024-09-15 04:59:07,Rella Aesthetics,service,RF Microneedling Face Package (3 Treatments),1,2025.0
2024-12-25 04:53:34,Rella Aesthetics - Napa,product,PRP-UNDEREYE-3X-TREA,1,1500.0
2025-02-20 14:42:09,Rella Aesthetics,service,BioRePeel,1,280.0
2025-02-28 10:40:00,Rella Aesthetics - Napa,service,Skin Resurfacing Erbium Face + Neck Package (3 Treatments),1,2225.0
2025-02-24 05:54:14,Rella Aesthetics,product,LASER-HAIR-REMOVA-12,1,2040.53
2025-01-30 21:26:20,Rella Aesthetics - Napa,service,Botox & Filler,1,45.65
2024-09-11 03:51:47,Rella Aesthetics - Napa,service,Skin Stylus Microneedling Package (3 Treatments),1,1250.0
2024-06-14 11:31:01,Rella Aesthetics,service,Spider Vein Removal,1,350.0
2024-11-02 01:47:47,Rella Aesthetics - Napa,service,BioRePeel,1,280.0
2024-05-03 00:00:46,Rella Aesthetics - Napa,product,POWDER-DEFENSE,2,110.0
2024-06-07 21:10:54,Rella Aesthetics - Napa,service,Vaginal Rejuvenation,1,928.17
2024-11-02 14:55:55,Rella Aesthetics,product,PRP-HAIR-RESTORATION,3,3900.0
2024-08-28 12:03:42,Rella Aesthetics - Napa,product,HYDRATING-B5-GEL,3,270.0
2024-06-28 05:54:02,Rella Aesthetics - Napa,product,VAGINAL-REJUVENATION,2,5000.0
2025-03-30 10:12:05,Rella Aesthetics - Napa,product,LASER-HAIR-REMOVAL-5,2,6480.0
2024-08-04 01:50:31,Rella Aesthetics - Napa,service,Initial Skin Health Consult,1,0.0
2024-09-15 15:35:12,Rella Aesthetics,service,C02 Skin Resurfacing,1,2000.0
2024-06-06 09:13:08,Rella Aesthetics - Napa,service,Mineral Mattifing Tinted Sunscreen,1,0.0
2025-01-08 16:52:50,Rella Aesthetics - Napa,product,MICRO-EXFOLIATING-SC,1,35.0
2024-10-26 05:54:08,Rella Aesthetics,service,Shaving Fee,1,66.61
2025-04-15 06:05:40,Rella Aesthetics,service,Woodland - weight loss follow up,1,0.0
2024-11-09 00:59:47,Rella Aesthetics - Napa,service,Retinol + Niacinamide Nourishing PM Eye Cream,1,0.0
2025-01-14 18:42:11,Rella Aesthetics,service,Skin Stylus Microneedling Package (3 Treatments),1,1064.45
2025-01-12 00:26:15,Rella Aesthetics - Napa,service,Vaginal Rejuvenation x3 treatments,1,930.67
2024-11-02 17:19:34,Rella Aesthetics,product,FILLER-MEMBERSHIP,2,60.0
2024-05-18 08:04:07,Rella Aesthetics,product,RETINOL-+-NIACINAMID,2,216.0
2024-09-04 21:34:07,Rella Aesthetics - Napa,product,HA-INTENSIFIER-MULTI,2,240.0
2024-07-09 08:44:57,Rella Aesthetics,product,RESTYLANE-EYELIGHT,2,1600.0
2024-10-18 18:14:28,Rella Aesthetics,service,BodySculp Special,1,100.0
2025-02-08 01:50:45,Rella Aesthetics - Napa,service,Laser Hair Removal - Small Area,1,600.0
2024-08-02 06:29:19,Rella Aesthetics - Napa,service,Tirzepatide - weekly injection,1,142.67
2025-01-12 04:04:16,Rella Aesthetics - Napa,product,RF-MICRONEEDLING-F-1,3,6975.0
2025-01-03 20:02:57,Rella Aesthetics - Napa,service,Shaving Fee,1,75.0
2024-05-24 18:55:43,Rella Aesthetics - Napa,product,PLUMP-IT!-SPF-30,1,45.0
2024-08-30 04:38:08,Rella Aesthetics - Napa,service,C02 For You Bundle,1,1041.39
2024-05-18 13:07:29,Rella Aesthetics - Napa,service,Tirzepatide - weekly injection,1,147.09
2025-02-19 23:08:13,Rella Aesthetics - Napa,service,Lipid Replenishing Soft Cream,1,0.0
2024-11-15 03:12:10,Rella Aesthetics - Napa,service,Skin Resurfacing Erbium Face + Neck + Decollete Package (3 Treatments),1,2242.3
2025-03-10 21:39:11,Rella Aesthetics - Napa,service,PRP Hair Restoration Package (3 Treatments),1,1670.22
2024-07-19 23:36:27,Rella Aesthetics,service,Semaglutide 3 Month,1,0.0
2024-12-10 03:56:05,Rella Aesthetics - Napa,service,Semaglutide 1 Month,1,0.0
2024-10-21 06:04:07,Rella Aesthetics - Napa,product,JUVEDERM-ULTRA-XC,1,700.0
2024-07-12 01:56:55,Rella Aesthetics,service,Semaglutide - monthly pickup,1,525.0
2024-06-16 11:44:18,Rella Aesthetics,service,Semaglutide - monthly pickup,1,525.0
2024-11-11 08:35:06,Rella Aesthetics - Napa,service,Tirzepatide - monthly pickup,1,625.0
2024-05-09 11:42:15,Rella Aesthetics - Napa,service,Acne Facial Special,1,86.3
2024-11-07 12:50:12,Rella Aesthetics - Napa,service,IV Special,1,150.0
2024-09-20 08:42:40,Rella Aesthetics - Napa,product,BRIGHTENING-EVEN-SKI,3,223.36
2025-01-10 03:29:53,Rella Aesthetics - Napa,service,BioRePeel,1,280.0
2025-01-14 13:38:41,Rella Aesthetics,service,C02- Follow up,1,0.0
2025-01-22 12:05:41,Rella Aesthetics,product,3-MONTHS-SEMAGLUTIDE,1,1375.0
2024-04-30 11:52:34,Rella Aesthetics - Napa,service,Semaglutide 3 Month,1,0.0
2024-07-11 04:34:17,Rella Aesthetics - Napa,product,LASER-HAIR-REMOVAL-3,1,2700.0
2024-08-06 02:04:57,Rella Aesthetics - Napa,product,JUVEDERM-VOLUX-XC,3,2400.0
2024-11-13 15:49:00,Rella Aesthetics - Napa,service,Initial Skin Health Consult,1,0.0
2024-12-04 17:36:29,Rella Aesthetics,service,Fractionated Hyaluronic Acid/ Hydrating Serum,1,0.0
2024-11-04 03:32:26,Rella Aesthetics - Napa,service,Hylenex,1,200.0
2025-03-23 18:06:17,Rella Aesthetics,service,Pronox,1,50.0
2024-10-19 22:53:17,Rella Aesthetics - Napa,service,Skin Resurfacing Full Face - Erbium Package (3 Treatments),1,2025.0
2024-09-13 04:43:48,Rella Aesthetics,service,C02 For You Bundle,1,1059.16
2025-04-29 14:25:51,Rella Aesthetics,service,Bloom Membership,1,0.0
2024-09-25 23:22:01,Rella Aesthetics - Napa,service,Tirzepatide - monthly pickup,1,625.0
2024-07-30 05:27:34,Rella Aesthetics - Napa,service,RF Microneedling Decollete Add-On,1,150.0
2024-09-23 14:07:25,Rella Aesthetics - Napa,service,Botox & Filler,1,50.0
2024-12-03 21:52:41,Rella Aesthetics,service,Spot Treatment with Lasers,1,177.29
2024-07-26 13:06:30,Rella Aesthetics,product,PRP-UNDEREYE-3X-TREA,3,4500.0
2024-08-11 06:15:52,Rella Aesthetics - Napa,product,HYDRATING-B5-GEL,1,90.0
2025-04-22 09:53:25,Rella Aesthetics - Napa,product,HA-INTENSIFIER-MULTI,2,240.0
2024-05-11 09:00:13,Rella Aesthetics,service,$249 4x Body Sculpt Bundle offer,1,249.0
2024-10-24 20:23:40,Rella Aesthetics,service,Retinol + Niacinamide Nourishing PM Eye Cream,1,0.0
2024-12-08 23:25:38,Rella Aesthetics,service,Semaglutide 1 Month,1,0.0
2024-06-06 20:20:05,Rella Aesthetics,service,Skin Resurfacing Erbium Face + Neck + Decollete Package (3 Treatments),1,2425.0
2025-03-23 04:54:32,Rella Aesthetics - Napa,service,Vitamin Fortified Moisturizer,1,0.0
2024-12-18 03:50:27,Rella Aesthetics,service,Spot Treatment with Lasers,1,200.0
2024-05-02 20:56:50,Rella Aesthetics,service,Laser Hair Removal - Small Area,1,600.0
2024-10-07 19:06:42,Rella Aesthetics - Napa,product,KYBELLA,2,1200.0
2024-11-23 18:51:39,Rella Aesthetics,service,Semaglutide X6 Months,1,0.0
2024-10-25 23:53:35,Rella Aesthetics,service,Vitamin Fortified Moisturizer,1,0.0
2024-12-12 15:13:46,Rella Aesthetics,service,Botox / Dysport,1,50.0
2024-06-24 07:35:50,Rella Aesthetics - Napa,product,6-MONTHS-SEMAGLUTIDE,2,5000.0
2024-08-29 11:29:49,Rella Aesthetics,service,Semaglutide - monthly pickup,1,525.0
2024-12-02 13:29:47,Rella Aesthetics - Napa,service,Hydrafacial Special,1,133.35
2024-10-18 05:25:01,Rella Aesthetics,product,TINTED-DEFENSE,1,35.08
2024-10-30 06:44:24,Rella Aesthetics - Napa,service,C02 Add Ons,1,0.0
2024-06-23 17:47:10,Rella Aesthetics - Napa,service,Tirzepatide - monthly pickup,1,625.0
2024-07-10 19:59:03,Rella Aesthetics - Napa,product,SEMAGLUTIDE,1,0.0
2025-03-03 00:42:29,Rella Aesthetics - Napa,product,JUVEDERM-VOLUMA-XC,3,2400.0
2025-03-13 18:07:37,Rella Aesthetics,product,GLYCOLIC-10-RENEW-OV,3,288.0
2025-04-11 22:54:09,Rella Aesthetics,product,CO2-+-2-HYDRAFACIALS,3,3591.0
2025-02-26 22:29:56,Rella Aesthetics,service,BioRePeel Package (4 Treatments),1,1020.0
2024-10-13 15:52:33,Rella Aesthetics,service,Sheer Lightweight Brightening Sunscreen,1,0.0
2025-02-02 18:15:23,Rella Aesthetics - Napa,service,Pronox,1,50.0
2025-04-14 15:56:12,Rella Aesthetics,service,C02 Neck Add On,1,500.0
2024-11-17 12:20:22,Rella Aesthetics,service,Skin Resurfacing Erbium Face + Neck Package (3 Treatments),1,2062.62
2024-09-20 16:03:34,Rella Aesthetics,service,Tirzepatide - monthly pickup,1,625.0
2024-09-14 08:00:42,Rella Aesthetics,service,Skin Resurfacing Erbium Face + Neck + Decollete Package (3 Treatments),1,2425.0
2024-11-26 02:32:58,Rella Aesthetics - Napa,service,Vitamin D,1,30.0
2025-04-15 07:49:52,Rella Aesthetics,service,Initial Skin Health Consult,1,0.0
2024-11-28 06:12:47,Rella Aesthetics,service,Sheer Lightweight Brightening Sunscreen,1,0.0
2025-03-21 14:40:46,Rella Aesthetics - Napa,product,IPL-FACE-+-NECK-+-DE,1,1300.0
2024-05-01 19:03:28,Rella Aesthetics,service,Hands Hydrafacial,1,0.0
2024-12-13 07:30:31,Rella Aesthetics - Napa,service,RF Microneedling Face + Neck + Decollete Package (3 Treatments),1,2625.0
2025-02-01 18:36:48,Rella Aesthetics,product,CO2-SKIN-RESURFACING,2,3530.93
2025-01-13 06:15:02,Rella Aesthetics,service,Tirzepatide - weekly injection,1,156.25
2024-05-08 08:17:14,Rella Aesthetics - Napa,service,Retinol PM Treatment Serum 5x,1,0.0
2024-05-29 08:23:28,Rella Aesthetics - Napa,service,C02 Skin Resurfacing,1,2000.0
2024-12-17 08:08:31,Rella Aesthetics,service,MiraDry Special $997 1st service,1,0.0
2025-01-03 22:02:26,Rella Aesthetics - Napa,service,IPL special,1,200.0
2024-07-08 01:58:41,Rella Aesthetics,product,PEPTIDE-NECK-CREAM,1,106.0
2025-03-29 23:52:40,Rella Aesthetics,service,Woodland - Semaglutide Phone Consult,1,0.0
2024-05-05 06:25:54,Rella Aesthetics - Napa,product,SEMAGLUTIDE,1,0.0
2025-01-05 11:16:36,Rella Aesthetics,product,BLEMISH-+-AGE-DEFENS,3,318.0
2024-10-09 12:01:39,Rella Aesthetics,service,LED Add On,1,50.0
2024-05-05 08:22:35,Rella Aesthetics,service,Kybella,1,50.0
2025-03-04 02:39:26,Rella Aesthetics - Napa,service,BioRePeel,1,280.0
2024-07-27 02:58:26,Rella Aesthetics - Napa,product,SEMAGLUTIDE,3,0.0
2025-03-20 19:01:40,Rella Aesthetics - Napa,service,C02 Special,1,500.0
2025-01-27 04:22:04,Rella Aesthetics,service,C02 Neck Add On,1,500.0
2024-09-17 19:09:30,Rella Aesthetics,service,BodySculpt' Contouring1x treatment,1,0.0
2024-12-03 19:02:31,Rella Aesthetics,service,Retinol PM Treatment Serum 5x,1,0.0
2025-01-07 15:42:38,Rella Aesthetics,service,Vaginal Rejuvenation,1,1000.0
2024-09-21 13:52:54,Rella Aesthetics - Napa,service,Lab Draw,1,100.0
2024-11-18 09:48:48,Rella Aesthetics - Napa,service,Private Event Injectables,1,0.0
2024-10-05 18:16:52,Rella Aesthetics,service,Hydrafacial Special,1,150.0
2025-01-25 21:11:45,Rella Aesthetics - Napa,product,TOX-12X-MONTHS-(PAID,1,240.0
2025-04-16 16:37:04,Rella Aesthetics - Napa,service,IPL Face + Neck + Decollete Package (3 Treatments),1,1300.0
2024-12-16 02:39:19,Rella Aesthetics,product,JUVEDERM-VOLLURE-XC,2,1426.51
2025-01-24 01:24:19,Rella Aesthetics,service,Hands Hydrafacial,1,0.0
2024-07-08 23:36:36,Rella Aesthetics - Napa,service,C02- Follow up,1,0.0
2025-02-13 13:17:15,Rella Aesthetics - Napa,service,Body Tone- Muscle Toning 1x treatment,1,0.0
2024-12-14 08:03:50,Rella Aesthetics - Napa,service,Green Tea Antioxidant Soothing Cleanser,1,0.0
2024-09-30 03:57:47,Rella Aesthetics,service,Body Tone- Muscle Toning 1x treatment,1,0.0
2024-05-06 23:28:51,Rella Aesthetics,service,Universal Peel,1,0.0
2024-08-05 21:28:45,Rella Aesthetics - Napa,product,RADIANT-GLOW-LACTIC-,1,90.0
2025-01-03 01:09:16,Rella Aesthetics,service,Skin Resurfacing Erbium Face + Neck + Decollete Package (3 Treatments),1,2425.0
2024-06-24 02:24:55,Rella Aesthetics - Napa,product,RETINOL-PM-TREATMENT,2,224.0
2024-11-19 14:02:11,Rella Aesthetics,service,Skin Stylus Neck Add on,1,65.0
2024-08-28 08:44:39,Rella Aesthetics,service,Skin Resurfacing Erbium Face + Neck + Decollete Package (3 Treatments),1,2425.0
2024-08-08 06:38:40,Rella Aesthetics - Napa,service,BodyTone Special,1,85.93
2024-09-20 14:44:47,Rella Aesthetics,product,3-MONTHS-TIRZEPATIDE,3,5025.0
2025-03-19 09:35:30,Rella Aesthetics - Napa,service,1st Weight Loss Appt (AFTER CONSULT),1,0.0
2024-09-27 16:42:35,Rella Aesthetics,service,Additional Syringe,1,623.09
2025-02-16 14:58:35,Rella Aesthetics - Napa,service,Private Event Injectables,1,0.0
2024-05-29 15:27:25,Rella Aesthetics,product,LASER-HAIR-REMOVAL-2,2,5400.0
2024-05-15 15:39:34,Rella Aesthetics,service,Tirzepatide - weekly injection,1,156.25
2024-12-25 16:43:00,Rella Aesthetics - Napa,product,VAGINAL-REJUVENATION,1,2500.0
2025-04-20 06:09:30,Rella Aesthetics - Napa,service,Shaving Fee,1,75.0
2025-01-23 00:35:57,Rella Aesthetics,product,TINTED-DEFENSE,1,40.0
2024-10-02 14:16:54,Rella Aesthetics - Napa,service,Skin Resurfacing Erbium Face + Neck Package (3 Treatments),1,2225.0
2025-01-15 15:06:54,Rella Aesthetics - Napa,product,PRP-UNDEREYE-3X-TREA,3,4008.88
2024-10-26 03:52:45,Rella Aesthetics,service,Lab Draw,1,89.87
2025-03-15 12:01:54,Rella Aesthetics,service,Semaglutide X6 Months,1,0.0
2025-02-17 08:05:27,Rella Aesthetics,service,Hands Hydrafacial,1,0.0
2025-01-28 11:33:30,Rella Aesthetics,service,AHA / BHA Exfoliating Polish,1,0.0
2024-09-29 04:33:26,Rella Aesthetics,service,RF Microneedling Face Package (3 Treatments),1,2025.0
2024-08-24 06:02:10,Rella Aesthetics - Napa,service,LED Add On,1,50.0
2024-06-18 06:54:27,Rella Aesthetics,service,Lab Draw,1,100.0
2024-06-20 04:16:34,Rella Aesthetics - Napa,service,C02 Special,1,500.0
2024-10-01 09:07:08,Rella Aesthetics - Napa,product,RETINOL-+-NIACINAMID,1,108.0
2024-12-05 10:19:38,Rella Aesthetics,service,C02 Skin Resurfacing,1,1739.81
2024-11-07 02:18:11,Rella Aesthetics - Napa,service,RF Microneedling Face Package (3 Treatments),1,1774.95
2024-11-28 19:12:42,Rella Aesthetics - Napa,service,Hylenex,1,200.0
2025-04-29 00:11:27,Rella Aesthetics,product,SOOTHING-CLEANSER,1,37.33
2024-06-11 22:21:29,Rella Aesthetics - Napa,service,MiraDry Special $997 1st service,1,0.0
2024-05-04 04:24:41,Rella Aesthetics,service,Green Tea Antioxidant Soothing Cleanser,1,0.0
2024-07-16 12:27:36,Rella Aesthetics - Napa,service,IV Special,1,150.0
2024-05-01 00:30:48,Rella Aesthetics - Napa,product,PRP-HAIR-RESTORATION,1,1300.0
2025-01-08 12:52:28,Rella Aesthetics,service,Sheer Lightweight Brightening Sunscreen,1,0.0
2024-05-17 15:13:09,Rella Aesthetics - Napa,service,Napa - Semaglutide Weight Loss Phone Consult,1,0.0
2025-04-01 12:30:46,Rella Aesthetics - Napa,service,Tirzepatide - monthly pickup,1,625.0
2024-10-23 23:36:26,Rella Aesthetics,product,JUVEDERM-ULTRA-XC-.5,1,450.0
2024-12-30 01:30:26,Rella Aesthetics - Napa,service,Bloom Membership,1,0.0
2024-08-15 02:50:07,Rella Aesthetics,product,SOOTHING-CLEANSER,1,40.0
2024-12-22 18:03:40,Rella Aesthetics - Napa,service,IV Special,1,133.94
2024-07-19 17:05:24,Rella Aesthetics - Napa,service,Semaglutide X6 Months,1,0.0
2025-02-20 11:24:19,Rella Aesthetics,service,$249 4x Body Sculpt Bundle offer,1,249.0
2024-05-25 13:09:06,Rella Aesthetics - Napa,service,Glutathione,1,50.0
2024-10-12 01:10:36,Rella Aesthetics - Napa,service,PRP Hair Restoration Package (3 Treatments),1,1800.0
2024-10-01 18:17:41,Rella Aesthetics - Napa,product,HYDRAFACIAL-PERK-EYE,2,80.0
2024-09-26 01:07:50,Rella Aesthetics,product,LASER-HAIR-REMOVA-12,3,5968.46
2024-12-31 04:20:52,Rella Aesthetics - Napa,product,LASER-HAIR-REMOVA-13,1,3240.0
2025-04-12 17:01:31,Rella Aesthetics - Napa,service,Green Tea Antioxidant Soothing Cleanser,1,0.0
2024-10-17 08:45:13,Rella Aesthetics - Napa,service,Botox & Filler,1,50.0
2025-01-13 12:25:37,Rella Aesthetics,service,BioRePeel,1,248.1
2025-04-15 22:05:06,Rella Aesthetics,product,C-E-FERULIC,1,182.0
2025-02-23 10:57:18,Rella Aesthetics - Napa,service,Initial Skin Health Consult,1,0.0
2024-09-29 04:22:31,Rella Aesthetics - Napa,service,Mineral Mattifing Tinted Sunscreen,1,0.0
2025-01-30 19:14:24,Rella Aesthetics,service,Hydrafacial Special,1,150.0
2024-07-09 17:40:08,Rella Aesthetics,service,Botox / Dysport,1,50.0
2024-08-16 06:32:27,Rella Aesthetics,product,LIPID-CLOUD,3,312.0
2024-07-10 17:00:53,Rella Aesthetics,service,Botox & Filler,1,50.0
2024-12-21 01:55:14,Rella Aesthetics,service,IPL Face + Neck + Decollete Package (3 Treatments),1,1300.0
2024-08-28 19:24:48,Rella Aesthetics - Napa,service,BodyTone Special,1,100.0
2024-05-08 17:36:32,Rella Aesthetics - Napa,service,MiraDry Special $997 1st service,1,0.0
2024-09-12 06:31:47,Rella Aesthetics,service,Glutathione,1,50.0
2024-06-09 00:45:13,Rella Aesthetics - Napa,service,C02 Neck Add On,1,461.57
2025-03-22 17:27:26,Rella Aesthetics,service,Acne Facial Special,1,100.0
2024-12-01 01:12:45,Rella Aesthetics,service,Spider Vein Removal,1,319.52
2025-01-18 09:29:48,Rella Aesthetics,service,Retinol + Niacinamide Nourishing PM Eye Cream,1,0.0
2025-04-24 08:33:55,Rella Aesthetics - Napa,service,C02 Décolleté Add On,1,500.0
2024-06-07 05:51:05,Rella Aesthetics,service,BioRePeel,1,280.0
2024-04-30 10:06:52,Rella Aesthetics - Napa,service,C02 Skin Resurfacing Special $750,1,0.0
2024-12-20 20:45:49,Rella Aesthetics,service,IV Special,1,150.0
2024-10-24 08:57:37,Rella Aesthetics - Napa,service,Skin Resurfacing Full Face - Erbium Package (3 Treatments),1,2025.0
2025-04-09 06:18:39,Rella Aesthetics - Napa,product,LASER-HAIR-REMOVA-13,3,9062.43
2025-01-20 17:46:06,Rella Aesthetics - Napa,product,TOX-&-FILLER-12X-MON,1,480.0
2024-05-22 01:33:12,Rella Aesthetics - Napa,service,Napa - Semaglutide Weight Loss Phone Consult,1,0.0
2024-10-07 05:38:02,Rella Aesthetics - Napa,product,LHA-CLEANSER-GEL,1,45.0
2024-09-13 02:45:04,Rella Aesthetics,product,LASER-HAIR-REMOVAL-9,3,9720.0
2024-04-30 17:04:46,Rella Aesthetics,product,P-TIOX,1,148.0
2025-03-22 17:21:39,Rella Aesthetics,service,Private Event Injectables,1,0.0
2024-11-11 00:01:29,Rella Aesthetics,service,C02 Special,1,500.0
2024-05-05 23:55:48,Rella Aesthetics - Napa,service,Phyto Dual Action Formula,1,0.0
2025-03-01 20:50:25,Rella Aesthetics - Napa,service,Mineral Mattifing Tinted Sunscreen,1,0.0
2025-03-08 04:20:44,Rella Aesthetics - Napa,service,RF Microneedling Face Package (3 Treatments),1,2025.0
2025-03-26 06:03:14,Rella Aesthetics - Napa,service,Napa - Semaglutide Weight Loss Phone Consult,1,0.0
2024-07-16 01:31:49,Rella Aesthetics - Napa,service,C02 Skin Resurfacing,1,2000.0
2024-06-22 06:50:25,Rella Aesthetics,service,Semaglutide 1 Month,1,0.0
2024-10-20 12:05:07,Rella Aesthetics - Napa,product,RESTYLANE-KYSSE,3,2100.0
2024-06-03 12:47:25,Rella Aesthetics,service,RF Microneedling Face Package (3 Treatments),1,2025.0
2024-04-30 16:39:45,Rella Aesthetics - Napa,product,RETINOL-PM-TREATMENT,1,100.93
2024-06-13 10:17:19,Rella Aesthetics - Napa,product,SKIN-RESURFACING-E-1,2,4450.0
2024-05-08 06:29:04,Rella Aesthetics - Napa,service,MiraDry,1,1842.04
2024-07-23 17:37:01,Rella Aesthetics,service,Tirzepatide - weekly injection,1,144.76
2025-03-31 08:13:31,Rella Aesthetics - Napa,product,LASER-HAIR-REMOVAL-9,2,6480.0
2024-06-19 22:31:54,Rella Aesthetics - Napa,service,Laser Hair Removal - Small Area,1,523.09
2025-02-04 12:50:39,Rella Aesthetics,service,Fractionated Hyaluronic Acid/ Hydrating Serum,1,0.0
2024-05-23 07:22:02,Rella Aesthetics,product,VAGINAL-REJUVENATION,2,5000.0
2025-03-18 16:37:56,Rella Aesthetics,product,LASER-HAIR-REMOVA-14,3,8100.0
2025-03-27 03:55:06,Rella Aesthetics - Napa,service,Semaglutide x 1 injection,1,0.0
2025-03-16 04:35:10,Rella Aesthetics - Napa,service,Vitamin Fortified Moisturizer,1,0.0
2025-03-10 22:12:04,Rella Aesthetics,service,Spot Treatment with Lasers,1,200.0
2024-08-10 04:29:50,Rella Aesthetics - Napa,service,Hydrafacial Special,1,133.05
2024-07-19 03:27:43,Rella Aesthetics - Napa,product,JUVEDERM-ULTRA-XC-.5,3,1271.09
2024-08-31 13:24:40,Rella Aesthetics,product,COMPLEXION-GLY-SAL-P,1,38.0
2024-05-31 09:00:49,Rella Aesthetics - Napa,product,PRP-UNDEREYE-3X-TREA,1,1500.0
2024-09-10 16:15:28,Rella Aesthetics - Napa,service,Sheer Lightweight Brightening Sunscreen,1,0.0
2025-01-03 21:39:45,Rella Aesthetics,product,RF-MICRONEEDLING-TIP,2,0.0
2024-06-05 11:04:00,Rella Aesthetics,service,BodyTone Special,1,100.0
2024-05-21 20:10:26,Rella Aesthetics,service,Skin Resurfacing Full Face - Erbium Package (3 Treatments),1,2025.0
2024-12-22 10:50:47,Rella Aesthetics - Napa,service,Semaglutide 1 Month,1,0.0
2024-06-09 11:41:32,Rella Aesthetics,service,BodySculpt' Contouring1x treatment,1,0.0
2025-04-25 03:59:06,Rella Aesthetics,product,SKIN-STYLUS-TIPS;-12,1,0.0
2024-05-13 23:22:39,Rella Aesthetics - Napa,service,Body Tone- Muscle Toning 1x treatment,1,0.0
2024-11-20 16:48:56,Rella Aesthetics - Napa,service,Botox / Dysport,1,50.0
2024-11-19 02:20:51,Rella Aesthetics,product,RADIANT-GLOW-LACTIC-,1,90.0
2024-12-04 11:50:46,Rella Aesthetics - Napa,service,Tox 12 Month Membership PIF,1,0.0
2025-02-03 05:31:30,Rella Aesthetics,service,RF Microneedling Neck Add-On,1,133.5
2024-10-01 20:05:06,Rella Aesthetics,service,Glutathione,1,50.0
2024-05-08 13:08:10,Rella Aesthetics,service,Semaglutide 1 Month,1,0.0
2025-03-26 13:02:51,Rella Aesthetics - Napa,service,C02 Hands Add on,1,300.0
2024-09-19 06:15:20,Rella Aesthetics,service,IPL Face + Neck + Decollete Package (3 Treatments),1,1300.0
2024-11-09 23:50:16,Rella Aesthetics - Napa,service,C02 Décolleté Add On,1,500.0
2024-05-02 23:19:37,Rella Aesthetics,service,Vitamin D,1,25.76
2024-05-11 01:28:43,Rella Aesthetics - Napa,product,LASER-HAIR-REMOVAL-2,1,2700.0
2025-03-13 02:15:55,Rella Aesthetics,service,Laser Hair Removal - Large Area,1,2050.0
2024-12-28 16:43:07,Rella Aesthetics,product,SOOTHING-CLEANSER,1,40.0
2025-03-27 00:38:55,Rella Aesthetics,service,BodySculpt' Contouring1x treatment,1,0.0
2025-03-16 02:26:41,Rella Aesthetics,product,RF-MICRONEEDLING-TIP,2,0.0
2024-08-17 20:36:38,Rella Aesthetics - Napa,service,LED Add On,1,50.0
2024-06-30 16:51:27,Rella Aesthetics - Napa,service,Skin Resurfacing Erbium Face + Neck + Decollete Package (3 Treatments),1,2425.0
2024-10-19 11:40:25,Rella Aesthetics - Napa,product,AHA-/-BHA-EXFOLIATIN,2,105.97
2024-12-13 00:56:19,Rella Aesthetics - Napa,service,C02 Hands Add on,1,300.0
2025-01-30 17:43:48,Rella Aesthetics,service,Acne Facial Special,1,100.0
2024-10-04 04:49:08,Rella Aesthetics - Napa,product,LASER-HAIR-REMOVAL-3,1,2700.0
2025-01-21 05:35:28,Rella Aesthetics - Napa,product,LASER-HAIR-REMOVAL--,2,5400.0
2025-04-04 01:43:20,Rella Aesthetics,service,Spot Treatment with Lasers,1,183.32
2024-12-10 21:37:59,Rella Aesthetics,product,KYBELLA,3,1800.0
2024-05-19 08:28:45,Rella Aesthetics,service,Green Tea Antioxidant Soothing Cleanser,1,0.0
2025-03-20 11:39:34,Rella Aesthetics,service,Hydrafacial Special,1,150.0
2024-05-19 19:39:50,Rella Aesthetics - Napa,service,IV Special,1,136.21
2025-02-05 00:53:08,Rella Aesthetics - Napa,service,AHA / BHA Exfoliating Polish,1,0.0
2024-12-28 15:00:31,Rella Aesthetics - Napa,service,C02 Add Ons,1,0.0
2025-03-09 22:40:01,Rella Aesthetics - Napa,service,Hydrafacial Special,1,150.0
2024-08-14 10:53:47,Rella Aesthetics - Napa,service,Skin Resurfacing Full Face - Erbium Package (3 Treatments),1,2025.0
2024-12-14 10:19:10,Rella Aesthetics,service,C02 Skin Resurfacing,1,2000.0
2024-08-07 17:45:25,Rella Aesthetics - Napa,service,IV Special,1,150.0
2024-11-17 02:28:50,Rella Aesthetics - Napa,service,Green Tea Antioxidant Soothing Cleanser,1,0.0
2025-03-08 01:55:00,Rella Aesthetics,service,BodySculpt' Contouring1x treatment,1,0.0
2025-01-29 21:21:01,Rella Aesthetics,product,SKIN-RESURFACING-ERB,3,7275.0
2025-02-13 08:03:45,Rella Aesthetics - Napa,service,Vaginal Rejuvenation,1,1000.0
2025-02-16 01:50:33,Rella Aesthetics - Napa,product,SKIN-STYLUS-TIPS;-12,2,0.0
2024-11-04 14:16:37,Rella Aesthetics,service,$249 4x Body Sculpt Bundle offer,1,249.0
2024-12-24 19:11:23,Rella Aesthetics - Napa,service,Erbium Special,1,450.0
2025-04-20 08:03:16,Rella Aesthetics - Napa,service,Spot Treatment with Lasers,1,177.26
2024-05-30 06:51:21,Rella Aesthetics - Napa,service,Green Tea Antioxidant Soothing Cleanser,1,0.0
2025-03-03 08:17:45,Rella Aesthetics,product,CANCELLATION/NO-SHOW,1,50.0
2024-05-18 15:26:16,Rella Aesthetics,product,AHA-/-BHA-EXFOLIATIN,1,56.0
2024-06-25 16:02:50,Rella Aesthetics,product,FILLER-12X-MONTH-(PA,2,720.0
2025-02-15 10:59:35,Rella Aesthetics,service,Tirzepatide - weekly injection,1,156.25
2024-05-29 22:32:49,Rella Aesthetics - Napa,product,BLEMISH-CORRECTIVE-T,3,150.0
2024-05-08 02:42:08,Rella Aesthetics,product,HYDRAFACIAL-PERK-EYE,2,80.0
2024-12-10 00:46:15,Rella Aesthetics - Napa,product,MICRO-EXFOLIATING-SC,2,70.0
2024-09-23 17:47:17,Rella Aesthetics - Napa,product,P-TIOX,3,394.75
2024-07-09 06:46:34,Rella Aesthetics - Napa,product,HYDRATING-B5-GEL,3,270.0
2025-01-20 20:14:23,Rella Aesthetics,service,Semaglutide x 1 injection,1,0.0
2024-08-20 04:50:28,Rella Aesthetics - Napa,service,MiraDry,1,2000.0
2024-11-24 08:19:26,Rella Aesthetics - Napa,product,IPL-FACE-+-NECK-+-DE,3,3900.0
2024-11-30 07:16:53,Rella Aesthetics - Napa,service,Tirzepatide - weekly injection,1,156.25
2024-07-14 06:23:50,Rella Aesthetics,product,JUVEDERM-ULTRA-XC-.5,2,900.0
2025-02-04 00:41:42,Rella Aesthetics - Napa,service,Skin Resurfacing Full Face - Erbium Package (3 Treatments),1,2025.0
2024-10-25 20:46:44,Rella Aesthetics - Napa,product,P-TIOX,3,444.0
2024-07-23 09:09:47,Rella Aesthetics - Napa,service,Skin Stylus Microneedling Package (3 Treatments),1,1250.0
2024-08-31 06:59:56,Rella Aesthetics - Napa,service,Phyto Dual Action Formula,1,0.0
2025-02-16 21:29:48,Rella Aesthetics - Napa,product,TESTOSTERONE,2,0.0
2024-05-12 00:47:12,Rella Aesthetics - Napa,service,Botox / Dysport,1,50.0
2024-05-12 23:07:24,Rella Aesthetics,service,$249 4x Body Sculpt Bundle offer,1,249.0
2024-05-28 02:48:28,Rella Aesthetics - Napa,service,Napa - Semaglutide Weight Loss Phone Consult,1,0.0
2024-11-23 03:24:19,Rella Aesthetics,service,C02 Add Ons,1,0.0
2024-08-28 19:12:15,Rella Aesthetics - Napa,product,BLEMISH-CORRECTIVE-T,1,50.0
2024-08-03 11:51:47,Rella Aesthetics - Napa,service,Lipid Replenishing Soft Cream,1,0.0
2025-03-22 17:56:44,Rella Aesthetics - Napa,product,P-TIOX,1,148.0
2024-09-16 08:37:29,Rella Aesthetics,product,RF-MICRONEEDLING-FAC,2,4899.45
2024-06-16 20:44:39,Rella Aesthetics,service,MiraDry,1,2000.0
2024-12-28 09:40:01,Rella Aesthetics - Napa,service,Private Event,1,0.0
2024-12-13 04:41:32,Rella Aesthetics,service,RF Microneedling Neck Add-On,1,150.0
2024-11-14 18:49:03,Rella Aesthetics,service,Plumping Hyaluronic lip,1,0.0
2024-05-15 17:25:22,Rella Aesthetics - Napa,service,C02 For You Bundle,1,1197.0
2024-10-30 09:38:53,Rella Aesthetics,service,New Patient Consult,1,0.0
2024-12-30 10:14:34,Rella Aesthetics - Napa,service,Laser Hair Removal - Small Area,1,600.0
2025-04-29 08:59:39,Rella Aesthetics - Napa,service,C02 Neck Add On,1,474.23
2024-05-16 23:32:33,Rella Aesthetics,service,Laser Hair Removal - Large Area,1,2050.0
2024-05-31 11:18:31,Rella Aesthetics,service,Miradry 2x package,1,0.0
2025-01-30 09:19:32,Rella Aesthetics - Napa,product,CO2-SKIN-RESURFACING,2,3784.17
2024-11-03 16:03:43,Rella Aesthetics - Napa,product,BIOCELLULOSE-RESTORA,1,18.0
2024-07-30 04:38:33,Rella Aesthetics,service,1st Weight Loss Appt (AFTER CONSULT),1,0.0
2025-03-05 12:04:46,Rella Aesthetics - Napa,service,Hydrafacial Special,1,150.0
2024-05-05 05:33:25,Rella Aesthetics - Napa,product,LASER-HAIR-REMOVAL-1,1,1717.09
2024-07-04 20:13:01,Rella Aesthetics,product,PRP-HAIR-RESTORATION,2,2600.0
2024-06-21 15:17:06,Rella Aesthetics,service,C02 Skin Resurfacing Special $997,1,997.0
2024-06-17 20:10:07,Rella Aesthetics,product,CO2-SKIN-RESURFACING,3,6000.0
2025-03-17 19:37:50,Rella Aesthetics,service,Phyto Dual Action Formula,1,0.0
2025-03-21 08:27:36,Rella Aesthetics,product,VAGINAL-REJUVENATION,2,5000.0
2024-10-27 06:11:49,Rella Aesthetics,service,Napa - Semaglutide Weight Loss Phone Consult,1,0.0
2024-12-03 21:39:11,Rella Aesthetics - Napa,product,LASER-HAIR-REMOVA-12,1,2160.0
2024-12-23 01:32:08,Rella Aesthetics - Napa,service,RF Microneedling Decollete Add-On,1,150.0
2024-10-21 22:56:59,Rella Aesthetics - Napa,service,Spot Treatment with Lasers,1,200.0
2024-05-29 17:31:55,Rella Aesthetics,service,$249 4x Body Sculpt Bundle offer,1,249.0
2024-11-27 21:25:43,Rella Aesthetics,service,Vitamin Fortified Moisturizer,1,0.0
2025-01-19 23:38:54,Rella Aesthetics,service,IV Special,1,150.0
2024-07-15 04:03:50,Rella Aesthetics,service,Tirzepatide - monthly pickup,1,625.0
2024-07-14 22:09:34,Rella Aesthetics - Napa,service,RF Microneedling Decollete Add-On,1,150.0
2024-09-14 14:58:19,Rella Aesthetics - Napa,service,Initial Skin Health Consult,1,0.0
2024-05-08 09:52:15,Rella Aesthetics - Napa,service,Phyto Dual Action Formula,1,0.0
2025-04-02 18:01:30,Rella Aesthetics - Napa,product,RADIANT-GLOW-LACTIC-,1,90.0
2024-10-08 18:26:55,Rella Aesthetics,service,Sheer Lightweight Brightening Sunscreen,1,0.0
2024-11-24 09:37:14,Rella Aesthetics,product,PRP-UNDEREYE-3X-TREA,3,4500.0
2025-03-28 15:43:07,Rella Aesthetics,service,Tirzepatide - monthly pickup,1,625.0
2024-08-13 08:36:31,Rella Aesthetics - Napa,service,AHA / BHA Exfoliating Polish,1,0.0
2024-11-22 04:54:09,Rella Aesthetics - Napa,product,VAGINAL-REJUVENATION,2,5000.0
2024-05-29 16:43:04,Rella Aesthetics - Napa,product,HAIR-RESTORATION-PAC,1,1800.0
2025-01-03 02:56:46,Rella Aesthetics - Napa,product,LASER-HAIR-REMOVAL-9,3,8527.75
2024-09-03 09:01:32,Rella Aesthetics - Napa,service,PRP Injection,1,700.0
2024-11-06 13:43:36,Rella Aesthetics - Napa,service,RF Microneedling Neck Add-On,1,150.0
2025-01-21 23:07:47,Rella Aesthetics,product,LASER-HAIR-REMOVAL-5,2,6480.0
2025-04-03 05:34:36,Rella Aesthetics - Napa,service,Semaglutide X6 Months,1,0.0
2024-05-09 03:09:07,Rella Aesthetics - Napa,service,Vaginal Rejuvenation,1,886.67
2024-12-20 11:32:53,Rella Aesthetics,product,FILLER-12X-MONTH-(PA,1,360.0
2024-05-29 10:47:23,Rella Aesthetics,service,MiraDry Special $997 1st service,1,0.0
2024-06-09 03:23:51,Rella Aesthetics,service,IPL Full Face - Package (3 Treatments),1,900.0
2024-12-26 15:08:25,Rella Aesthetics,product,TESTOSTERONE,1,0.0
2024-10-10 14:53:23,Rella Aesthetics - Napa,product,LASER-HAIR-REMOVA-10,2,3780.0
2024-12-19 11:53:36,Rella Aesthetics - Napa,service,Hands Hydrafacial,1,0.0
2025-04-27 01:41:47,Rella Aesthetics - Napa,product,DUAL-ACTIVE-PHYTO-GF,3,375.0
2024-12-07 23:50:00,Rella Aesthetics,service,Laser Hair Removal - Small Area,1,600.0
2024-08-29 08:38:10,Rella Aesthetics,service,Universal Peel,1,0.0
2024-06-23 19:46:20,Rella Aesthetics,service,C02 Add Ons,1,0.0
2024-11-11 12:31:36,Rella Aesthetics - Napa,service,Laser Hair Removal - Small Area,1,600.0
2024-08-26 06:05:33,Rella Aesthetics - Napa,service,Vaginal Rejuvenation,1,1000.0
2024-08-23 21:57:47,Rella Aesthetics - Napa,service,Napa - Semaglutide Weight Loss Phone Consult,1,0.0
2024-07-21 13:50:27,Rella Aesthetics,product,HA-INTENSIFIER-MULTI,3,360.0
2025-03-26 03:02:38,Rella Aesthetics - Napa,service,Fractionated Hyaluronic Acid/ Hydrating Serum,1,0.0
2024-10-29 03:21:44,Rella Aesthetics - Napa,product,AHA-/-BHA-EXFOLIATIN,2,112.0
2024-11-06 00:53:09,Rella Aesthetics - Napa,product,JUVEDERM-VOLBELLA-XC,2,1600.0
2025-01-31 04:54:31,Rella Aesthetics,service,IPL special,1,200.0
2025-03-05 09:47:34,Rella Aesthetics,service,Phyto Multi Correction Serum,1,0.0
2025-03-10 09:09:32,Rella Aesthetics,service,Woodland - Semaglutide Phone Consult,1,0.0
2024-11-20 12:44:38,Rella Aesthetics - Napa,service,IV Special,1,150.0
2024-09-12 15:57:14,Rella Aesthetics - Napa,service,C02 Hands Add on,1,300.0
2024-10-26 19:43:03,Rella Aesthetics - Napa,product,LASER-HAIR-REMOVAL-1,1,1890.0
2025-04-22 06:20:02,Rella Aesthetics,product,TOX-MEMBERSHIP,2,34.11
2025-03-02 15:54:08,Rella Aesthetics,service,Mineral Mattifing Tinted Sunscreen,1,0.0
2024-05-12 08:19:56,Rella Aesthetics - Napa,service,C02 For You Bundle,1,1197.0
2024-06-17 19:48:02,Rella Aesthetics,service,Skin Resurfacing Full Face - Erbium Package (3 Treatments),1,2025.0
2024-09-23 08:20:39,Rella Aesthetics - Napa,service,MiraDry Special $997 1st service,1,0.0
2024-11-30 12:05:55,Rella Aesthetics - Napa,product,LASER-HAIR-REMOVA-12,1,2160.0
2024-06-13 13:07:18,Rella Aesthetics - Napa,service,RF Microneedling Decollete Add-On,1,150.0
2025-04-19 18:00:47,Rella Aesthetics - Napa,product,LASER-HAIR-REMOVAL-3,1,2488.13
2024-05-19 00:36:52,Rella Aesthetics,service,Pronox,1,50.0
2025-01-14 01:33:50,Rella Aesthetics,service,Retinol PM Treatment Serum 5x,1,0.0
2024-09-29 00:45:10,Rella Aesthetics,product,3-MONTHS-SEMAGLUTIDE,1,1375.0
2025-03-04 07:35:44,Rella Aesthetics,product,SOOTHING-ESSENCE-MIS,1,10.0
2024-08-04 00:52:19,Rella Aesthetics,service,Skin Resurfacing Erbium Face + Neck Package (3 Treatments),1,2225.0
2024-12-01 11:44:09,Rella Aesthetics - Napa,product,JUVEDERM-VOLBELLA-XC,1,800.0
2024-10-16 04:49:18,Rella Aesthetics - Napa,service,Phyto Multi Correction Serum,1,0.0
2024-07-03 17:53:42,Rella Aesthetics - Napa,service,Miradry 2x package,1,0.0
2025-01-13 08:55:08,Rella Aesthetics,service,Hylenex,1,200.0
2025-01-12 04:49:57,Rella Aesthetics,product,RESTYLANE-CONTOUR,3,2100.0
2024-08-07 18:05:53,Rella Aesthetics - Napa,service,Laser Hair Removal - Large Area,1,1944.85
